0,-0.66957,-0.31824,0.92264,-0.13687,0.71285,-0.033609,0.24878,0.74314,0.32176
0.0072881,-0.67072,-0.31222,0.92238,-0.13477,0.72627,-0.029862,0.2031,0.74314,0.17223
0.017026,-0.67188,-0.3059,0.92214,-0.13446,0.74323,-0.026772,0.2031,1.3833,0.32176
0.023687,-0.67299,-0.29966,0.92188,-0.13102,0.76345,-0.026076,0.2031,0.74314,0.32176
0.032851,-0.67414,-0.29331,0.92169,-0.12668,0.78616,-0.024792,0.2031,1.3833,0.17223
0.040817,-0.67521,-0.28692,0.92147,-0.12541,0.79909,-0.02365,0.2031,1.3833,0.15928
0.049793,-0.67624,-0.28049,0.92128,-0.12216,0.79909,-0.022898,0.2031,1.3833,0.30882
0.058392,-0.67727,-0.27404,0.92107,-0.11897,0.79909,-0.022024,0.2031,1.3833,0.30882
0.066273,-0.67826,-0.26747,0.92089,-0.11704,0.80598,-0.021189,0.2031,0.74314,0.15928
0.073754,-0.67927,-0.2609,0.92069,-0.11457,0.80598,-0.02077,0.2031,0.74314,0.1304
0.082844,-0.68023,-0.25421,0.92054,-0.11259,0.81331,-0.019852,0.092949,1.3833,0.15928
0.091422,-0.68118,-0.24755,0.92046,-0.11127,0.81331,-0.017675,0.092949,0.27808,0.1304
0.099408,-0.68209,-0.24082,0.92029,-0.10822,0.81331,-0.015017,0.2031,0.27808,0.15928
0.10793,-0.68293,-0.23404,0.92018,-0.10512,0.81331,-0.013313,0.2031,0.2784,0.15928
0.11596,-0.68383,-0.22722,0.92002,-0.10202,0.8204,-0.012019,0.24878,0.2784,0.1304
0.12389,-0.68466,-0.22027,0.91996,-0.09905,0.82768,-0.010583,0.24878,-0.26152,0.15928
0.13277,-0.68551,-0.21341,0.91985,-0.097793,0.8321,-0.0095412,0.24878,0.031167,0.1304
0.1412,-0.68624,-0.20658,0.91977,-0.09643,0.83323,-0.0084797,0.24878,0.031167,0.1304
0.14937,-0.68703,-0.19948,0.91974,-0.091556,0.83257,-0.0077057,0.24878,0.031167,0.1304
0.15792,-0.68777,-0.1925,0.91967,-0.086469,0.83257,-0.0056402,0.24878,0.031167,0.12002
0.16654,-0.6885,-0.1854,0.91966,-0.085455,0.83839,-0.0032517,0.24878,-0.26152,0.1304
0.17354,-0.68919,-0.17823,0.91958,-0.081892,0.8455,-0.0025544,0.24878,0.031167,0.1304
0.18268,-0.6898,-0.17109,0.91955,-0.078632,0.84973,-0.0018985,0.24878,-0.26152,0.1304
0.19139,-0.69049,-0.16384,0.9196,-0.076648,0.85933,-0.00071978,0.20328,-0.26152,0.12002
0.20002,-0.69109,-0.15666,0.91965,-0.072568,0.86761,0.00263,0.24878,-0.26152,0.12002
0.20788,-0.69171,-0.14942,0.91965,-0.068088,0.85933,0.0052688,0.24878,-0.26152,0.1304
0.21631,-0.69225,-0.14211,0.91969,-0.066044,0.86761,0.005396,0.20328,-0.26152,0.1304
0.22449,-0.69279,-0.13489,0.91968,-0.065423,0.87186,0.0056398,0.24878,-0.29928,0.1304
0.23384,-0.69329,-0.12752,0.91977,-0.061017,0.87138,0.0075331,0.24878,-0.26152,0.1304
0.24089,-0.69382,-0.12012,0.91986,-0.055083,0.87935,0.010844,0.24878,-0.29928,0.1304
0.24927,-0.69425,-0.11279,0.91996,-0.052007,0.88634,0.012592,0.24878,-0.26152,0.1304
0.25802,-0.69467,-0.10534,0.92007,-0.0499,0.88273,0.012847,0.20328,-0.26152,0.12002
0.26627,-0.69514,-0.09797,0.92012,-0.048222,0.88273,0.013527,0.20328,0.031167,0.1304
0.27374,-0.6955,-0.09051,0.92024,-0.047629,0.88634,0.014714,0.20328,-0.26152,0.12002
0.28217,-0.6959,-0.083004,0.92039,-0.046732,0.89079,0.01607,0.24878,-0.26152,0.12002
0.29128,-0.69623,-0.075582,0.92057,-0.041447,0.89079,0.017252,0.20328,-0.26152,0.12002
0.29897,-0.69658,-0.068025,0.92076,-0.036629,0.89079,0.018319,0.20328,-0.26152,0.1304
0.30727,-0.69682,-0.060622,0.92089,-0.034404,0.89244,0.021672,0.20328,0.031167,0.1304
0.3162,-0.69711,-0.053081,0.92101,-0.031875,0.89826,0.02453,0.20328,-0.26152,0.1304
0.32405,-0.69736,-0.045525,0.9212,-0.030371,0.89646,0.024779,0.17118,-0.26152,0.1304
0.33235,-0.69766,-0.038022,0.92141,-0.029049,0.89646,0.02512,0.20328,-0.26152,0.15928
0.34101,-0.69786,-0.030378,0.92168,-0.025293,0.9018,0.025483,0.17492,-0.26152,0.1304
0.34985,-0.69812,-0.022734,0.9219,-0.021927,0.9018,0.025672,0.20684,-0.26152,0.1304
0.35765,-0.69823,-0.015217,0.92217,-0.021099,0.9018,0.026571,0.17492,-0.26152,0.1304
0.36599,-0.69841,-0.0075,0.92238,-0.017285,0.90665,0.028467,0.17492,-0.29928,0.1304
0.37376,-0.69851,6.6482e-05,0.92258,-0.013388,0.91015,0.03062,0.17492,-0.26152,0.1304
0.38339,-0.69856,0.0077304,0.92284,-0.0094097,0.90665,0.03266,0.17492,-0.26152,0.15928
0.39083,-0.69871,0.015427,0.92318,-0.0056563,0.90701,0.035069,0.20684,-0.29928,0.15928
0.39916,-0.6987,0.023013,0.92349,-0.004849,0.90701,0.037049,0.24878,-0.29928,0.21624
0.40775,-0.69876,0.030746,0.92381,-0.0021251,0.90701,0.038298,0.20684,-0.29928,0.15928
0.41688,-0.69872,0.038306,0.92408,0.00082413,0.90701,0.040214,0.24878,-0.29928,0.15928
0.42369,-0.69871,0.046026,0.92438,0.002911,0.90701,0.042002,0.24878,-0.38227,0.15928
0.43274,-0.69875,0.053732,0.92473,0.0048117,0.91015,0.043501,0.24878,-0.29928,0.15928
0.44115,-0.69871,0.061408,0.92509,0.00571,0.91015,0.044383,0.24878,-0.38227,0.15928
0.44963,-0.6986,0.069119,0.92553,0.0078971,0.90701,0.044549,0.24878,-0.38227,0.15928
0.45746,-0.69848,0.076773,0.92588,0.011195,0.90343,0.044974,0.20684,-0.38227,0.15928
0.46601,-0.69842,0.084483,0.92629,0.0142,0.90701,0.046525,0.20684,-0.38227,0.15928
0.47454,-0.69834,0.092193,0.92667,0.017725,0.90701,0.048061,0.20684,-0.8303,0.12147
0.48299,-0.69817,0.099802,0.92702,0.020383,0.90343,0.048791,0.17492,-0.38227,0.15928
0.49082,-0.69799,0.10752,0.92746,0.021442,0.90701,0.050578,0.17492,-0.38227,0.15928
0.49928,-0.69775,0.11516,0.92786,0.024391,0.90701,0.052154,0.17492,-0.8303,0.15928
0.50795,-0.69758,0.12285,0.92835,0.027675,0.90701,0.053109,0.17492,-0.38227,0.15928
0.51597,-0.6973,0.13053,0.92885,0.029608,0.90701,0.054701,0.22042,-0.8303,0.12147
0.52388,-0.69706,0.13808,0.92935,0.032406,0.90701,0.055843,0.22042,-0.8303,0.15928
0.53283,-0.69682,0.14581,0.92979,0.035224,0.90343,0.056505,0.22042,-1.3282,0.15928
0.54128,-0.69649,0.15334,0.93023,0.037522,0.90343,0.058353,0.22042,-0.8303,0.15928
0.54951,-0.69617,0.16108,0.93073,0.039244,0.90343,0.061207,0.22042,-1.3282,0.21624
0.55774,-0.69587,0.16869,0.93131,0.039778,0.90163,0.062853,0.22042,-0.8303,0.16652
0.56671,-0.6955,0.17625,0.93182,0.040381,0.91384,0.064257,0.28048,-1.3282,0.16652
0.57391,-0.69512,0.18393,0.93237,0.045087,0.89665,0.065615,0.22042,-1.3282,0.16652
0.58375,-0.69473,0.19141,0.9329,0.051295,0.88872,0.066017,0.23855,-0.8303,0.21624
0.5907,-0.69431,0.19896,0.93341,0.053693,0.90333,0.067757,0.23855,-1.3282,0.21624
0.59984,-0.69386,0.20647,0.93401,0.057094,0.87961,0.069944,0.23855,-1.3282,0.21624
0.60727,-0.69337,0.21393,0.93463,0.060795,0.87342,0.071325,0.23855,-1.3282,0.21624
0.61655,-0.69287,0.2214,0.93524,0.062252,0.87342,0.073228,0.23855,-0.8303,0.25348
0.62387,-0.6924,0.22876,0.93592,0.063045,0.86754,0.074534,0.23855,-1.3282,0.21624
0.63319,-0.69182,0.2361,0.93653,0.064395,0.86299,0.075488,0.23855,-0.8303,0.25348
0.64188,-0.69128,0.24356,0.93713,0.065807,0.86299,0.076524,0.23855,-0.8303,0.25348
0.64947,-0.69066,0.25073,0.93779,0.068651,0.86299,0.076524,0.30939,-0.8303,0.25348
0.65789,-0.69006,0.25804,0.93842,0.074991,0.86299,0.077284,0.30939,-0.8303,0.25348
0.66632,-0.68951,0.26525,0.93907,0.079435,0.86299,0.077284,0.30939,-0.38227,0.25348
0.67422,-0.68889,0.27248,0.93972,0.080893,0.86299,0.080433,0.30939,-0.38227,0.25348
0.68311,-0.68817,0.27966,0.94047,0.08412,0.86299,0.080822,0.30939,-0.38227,0.25348
0.69112,-0.68744,0.28669,0.94105,0.087133,0.85813,0.080999,0.30939,-0.38227,0.25348
0.69938,-0.68672,0.29385,0.94176,0.087613,0.85813,0.08368,0.30939,-0.38227,0.31716
0.70794,-0.68597,0.3007,0.94243,0.088799,0.85582,0.08368,0.30939,-0.38227,0.38684
0.71616,-0.68521,0.3076,0.94312,0.090794,0.85582,0.084037,0.3416,-0.62113,0.31716
0.72377,-0.68453,0.31454,0.94388,0.091998,0.85386,0.084437,0.30939,-0.62113,0.31716
0.73349,-0.68363,0.32131,0.94457,0.092609,0.84861,0.084037,0.3416,-0.38227,0.32929
0.74097,-0.68283,0.32817,0.94537,0.096261,0.84156,0.084437,0.30939,-0.38227,0.32929
0.75023,-0.68191,0.33479,0.94607,0.10289,0.82281,0.085613,0.30939,-0.62113,0.27332
0.75677,-0.68098,0.34133,0.9468,0.10628,0.80366,0.087959,0.3416,-0.41776,0.32929
0.76665,-0.68011,0.34798,0.94758,0.10801,0.79741,0.09341,0.30939,-0.62113,0.27332
0.77423,-0.67923,0.35447,0.94834,0.11267,0.76731,0.098387,0.30939,-1.119,0.25348
0.78325,-0.67828,0.36098,0.94915,0.11654,0.74736,0.09973,0.33081,-1.119,0.27332
0.7907,-0.67735,0.36733,0.94999,0.11823,0.73157,0.099971,0.33081,-1.119,0.25348
0.79999,-0.67633,0.37365,0.95077,0.12061,0.72185,0.10056,0.40849,-1.119,0.27332
0.8075,-0.67539,0.37998,0.95164,0.12328,0.71813,0.10113,0.23855,-1.526,0.27332
0.8165,-0.67432,0.38604,0.95238,0.12472,0.71813,0.10381,0.32228,-1.526,0.27332
0.82509,-0.67331,0.39225,0.95325,0.12519,0.70636,0.10381,0.30967,-1.526,0.27332
0.83262,-0.67219,0.39823,0.95405,0.1295,0.68871,0.10446,0.33334,-1.1667,0.27332
0.84132,-0.67113,0.40413,0.9549,0.1295,0.68871,0.10446,0.30967,-1.526,0.25348
0.84945,-0.67002,0.41014,0.95582,0.13536,0.68871,0.10501,0.33334,-1.526,0.27332
0.85804,-0.66877,0.41581,0.95668,0.13723,0.68871,0.10666,0.33334,-1.526,0.27332
0.86577,-0.66758,0.42164,0.9576,0.13898,0.67915,0.10666,0.33334,-1.526,0.27332
0.87459,-0.66641,0.42727,0.95848,0.14293,0.67543,0.10666,0.33334,-1.7183,0.25348
0.88239,-0.66508,0.43271,0.95931,0.14536,0.66779,0.10783,0.43217,-1.526,0.25348
0.89133,-0.66396,0.43827,0.96029,0.14706,0.66116,0.10783,0.33334,-1.526,0.25348
0.89938,-0.66274,0.4436,0.96117,0.15018,0.65623,0.10783,0.33334,-1.526,0.25348
0.90781,-0.66136,0.44884,0.96214,0.15259,0.64573,0.10938,0.36511,-1.526,0.25348
0.91684,-0.66009,0.45406,0.96306,0.15854,0.62989,0.11101,0.33334,-1.7584,0.23811
0.92355,-0.65882,0.45915,0.96402,0.16488,0.6213,0.11275,0.36511,-1.526,0.25348
0.93337,-0.65747,0.46423,0.96504,0.16797,0.60166,0.11321,0.36511,-1.7584,0.23811
0.94018,-0.65596,0.46898,0.96596,0.17076,0.58038,0.11565,0.36511,-1.526,0.23811
0.94989,-0.65455,0.47378,0.96692,0.17349,0.57508,0.11553,0.36511,-1.543,0.23811
0.95689,-0.65298,0.47835,0.96778,0.1793,0.55481,0.11681,0.36511,-1.543,0.25348
0.96592,-0.65148,0.48288,0.96879,0.18337,0.52773,0.11852,0.44443,-1.543,0.25348
0.97392,-0.65008,0.48745,0.96986,0.18544,0.50934,0.12142,0.36511,-1.543,0.23811
0.98324,-0.64848,0.49183,0.97082,0.18825,0.49787,0.12277,0.44443,-1.543,0.25348
0.99061,-0.64693,0.49612,0.97188,0.19164,0.49406,0.12738,0.44443,-1.4406,0.24582
0.99948,-0.6453,0.50035,0.97292,0.20162,0.48544,0.13266,0.44443,-1.5523,0.24582
1.0077,-0.6437,0.50443,0.97393,0.20923,0.47358,0.13266,0.44443,-1.4406,0.24582
1.0166,-0.64208,0.50848,0.97499,0.20996,0.46384,0.13369,0.44443,-1.5523,0.27332
1.0239,-0.6404,0.5124,0.97604,0.20996,0.45259,0.13369,0.44443,-1.5523,0.24582
1.0329,-0.63871,0.51613,0.97709,0.21323,0.44413,0.13415,0.53935,-1.5523,0.27332
1.0413,-0.63695,0.51987,0.97819,0.21323,0.42945,0.13528,0.44443,-1.5523,0.24582
1.0493,-0.63522,0.52342,0.97933,0.21813,0.41518,0.13528,0.61613,-1.7677,0.24582
1.0576,-0.63337,0.52688,0.98046,0.22115,0.40828,0.1364,0.76976,-1.7677,0.27332
1.0662,-0.63157,0.53026,0.98162,0.22219,0.39763,0.1375,0.61613,-1.7677,0.24582
1.0741,-0.62967,0.53344,0.98269,0.22414,0.38459,0.1375,0.76976,-1.7677,0.27332
1.0825,-0.62778,0.5366,0.98385,0.22781,0.3664,0.13826,0.61613,-1.7677,0.24582
1.091,-0.62587,0.53964,0.985,0.23006,0.35298,0.13932,0.61613,-1.5523,0.24582
1.0992,-0.62394,0.54252,0.98617,0.23329,0.3506,0.14056,0.61613,-1.7677,0.24582
1.1077,-0.62199,0.54534,0.98739,0.23894,0.34171,0.14056,0.61613,-1.7677,0.24582
1.116,-0.61995,0.54798,0.98859,0.24351,0.32779,0.14185,0.54052,-1.7677,0.24582
1.124,-0.61791,0.55055,0.98988,0.24597,0.31993,0.14345,0.65205,-1.7677,0.27332
1.1336,-0.61579,0.55303,0.99113,0.24818,0.29371,0.14429,0.54052,-1.7677,0.24582
1.1402,-0.6137,0.55536,0.99241,0.25111,0.26383,0.1451,0.65205,-1.7677,0.27332
1.1491,-0.61152,0.55758,0.99365,0.25435,0.25536,0.14846,0.65205,-1.7677,0.24582
1.1577,-0.60937,0.5597,0.99495,0.25764,0.24878,0.15179,0.54052,-1.7677,0.21406
1.1666,-0.60712,0.56158,0.99618,0.26176,0.22778,0.15326,0.65205,-1.7677,0.24582
1.1738,-0.60485,0.56353,0.99758,0.27649,0.2065,0.1582,0.54052,-1.7677,0.21406
1.1828,-0.60248,0.5652,0.99889,0.28989,0.19408,0.16475,0.54052,-1.7677,0.24582
1.1907,-0.60017,0.5668,1.0003,0.29264,0.18026,0.1695,0.44443,-1.7677,0.21406
1.1997,-0.59785,0.56831,1.0017,0.29264,0.17164,0.1695,0.54052,-1.7677,0.24582
1.2073,-0.59551,0.56963,1.0031,0.29995,0.15641,0.17254,0.44443,-1.7677,0.21406
1.216,-0.59294,0.57089,1.0044,0.30704,0.14376,0.17607,0.54052,-1.7677,0.21406
1.224,-0.59042,0.57204,1.0059,0.30704,0.12729,0.17607,0.44443,-1.7677,0.21406
1.2325,-0.58797,0.57299,1.0073,0.30835,0.10746,0.17724,0.44443,-1.7677,0.21406
1.2408,-0.58544,0.57384,1.0088,0.30879,0.09462,0.17988,0.44443,-1.5523,0.21406
1.2492,-0.58283,0.57456,1.0103,0.3097,0.075355,0.18312,0.44443,-1.7677,0.21406
1.2579,-0.58016,0.5751,1.0118,0.3097,0.063315,0.18312,0.54052,-1.7677,0.25795
1.2658,-0.57743,0.57561,1.0133,0.31272,0.049022,0.18601,0.44443,-1.7677,0.21406
1.2738,-0.57468,0.5759,1.0149,0.32912,0.030994,0.18711,0.54052,-1.7677,0.25795
1.2833,-0.5719,0.57615,1.0165,0.3451,0.019622,0.18847,0.44443,-1.7677,0.21406
1.2913,-0.56903,0.57626,1.018,0.34724,0.0027706,0.18992,0.54052,-1.7677,0.25795
1.2994,-0.56618,0.57619,1.0196,0.34784,-0.011739,0.1923,0.44443,-1.7677,0.21406
1.3071,-0.56332,0.57607,1.0212,0.3489,-0.019963,0.1942,0.54052,-1.7677,0.25795
1.3166,-0.56039,0.57584,1.0229,0.35136,-0.044751,0.19499,0.44443,-1.7677,0.21406
1.3237,-0.55734,0.57538,1.0244,0.35716,-0.065514,0.19613,0.44443,-1.5523,0.25795
1.3326,-0.55426,0.57479,1.0261,0.36172,-0.073019,0.2011,0.44443,-1.7677,0.21406
1.3408,-0.55118,0.57413,1.0279,0.3662,-0.086131,0.20891,0.44443,-1.5523,0.21406
1.3498,-0.54804,0.5733,1.0296,0.37263,-0.10135,0.21266,0.44443,-1.7677,0.21406
1.3575,-0.54485,0.57243,1.0312,0.37789,-0.11144,0.21418,0.44443,-1.5523,0.21406
1.3664,-0.54165,0.57146,1.0331,0.38568,-0.12812,0.2152,0.44443,-1.7677,0.21406
1.3737,-0.53844,0.57026,1.0348,0.39681,-0.15293,0.21557,0.36511,-1.7677,0.18563
1.383,-0.53517,0.56893,1.0366,0.40846,-0.16427,0.21754,0.36511,-1.7677,0.21406
1.3915,-0.53186,0.56752,1.0384,0.41609,-0.17465,0.21941,0.36511,-1.5523,0.21406
1.3995,-0.5285,0.56594,1.0402,0.42285,-0.18996,0.22025,0.36511,-1.7677,0.21406
1.4085,-0.52509,0.5643,1.0422,0.42627,-0.21116,0.22189,0.36511,-1.5523,0.18563
1.4158,-0.52158,0.56252,1.0441,0.4274,-0.23129,0.22246,0.44443,-1.5523,0.27388
1.424,-0.51796,0.56058,1.0459,0.43856,-0.23946,0.2246,0.36511,-1.5523,0.18563
1.433,-0.51435,0.55856,1.0478,0.43856,-0.2507,0.22505,0.44443,-1.5523,0.26184
1.4412,-0.51069,0.55643,1.0497,0.44431,-0.27421,0.2266,0.36511,-1.4336,0.26184
1.4495,-0.50696,0.55397,1.0516,0.44431,-0.29181,0.2266,0.36511,-1.5523,0.26184
1.4578,-0.50321,0.55158,1.0535,0.44689,-0.29992,0.2266,0.36511,-1.4336,0.26184
1.4655,-0.49944,0.54912,1.0556,0.4499,-0.31188,0.22788,0.33334,-1.4336,0.26184
1.4742,-0.49549,0.54646,1.0576,0.45229,-0.31967,0.23,0.36511,-1.4336,0.46375
1.4826,-0.49155,0.5437,1.0597,0.45775,-0.32482,0.23125,0.44443,-1.5523,0.46375
1.4912,-0.48756,0.54081,1.0616,0.4661,-0.33181,0.23614,0.44443,-1.4336,0.46375
1.5007,-0.48359,0.5378,1.0637,0.4661,-0.3399,0.23614,0.44443,-1.5523,0.46375
1.5074,-0.47952,0.53466,1.0658,0.47977,-0.34794,0.24352,0.54052,-1.5523,0.60308
1.5167,-0.47548,0.53145,1.0679,0.49099,-0.39377,0.24926,0.44443,-1.5523,0.46375
1.5237,-0.47134,0.52807,1.0701,0.49562,-0.43926,0.25091,0.44443,-1.4336,0.46375
1.5335,-0.46706,0.52463,1.0723,0.50044,-0.44355,0.25381,0.44443,-1.5523,0.46375
1.5409,-0.46267,0.52106,1.0743,0.50478,-0.45485,0.25647,0.44443,-1.4336,0.46375
1.5495,-0.45828,0.51729,1.0765,0.52505,-0.46557,0.25647,0.44443,-1.5523,0.46375
1.5576,-0.45387,0.51352,1.0788,0.54178,-0.47246,0.26259,0.44443,-1.4336,0.46375
1.5665,-0.44939,0.50958,1.0809,0.54288,-0.47978,0.26986,0.44443,-1.5523,0.46375
1.5739,-0.44491,0.50568,1.0833,0.54553,-0.48477,0.27361,0.36388,-1.4336,0.46375
1.5832,-0.44038,0.50156,1.0856,0.56673,-0.49559,0.27988,0.54052,-1.4336,0.58499
1.5916,-0.43578,0.4973,1.0878,0.56673,-0.51113,0.27988,0.36388,-1.4336,0.46375
1.5989,-0.43117,0.49297,1.0901,0.5754,-0.52261,0.28092,0.3998,-1.4336,0.58499
1.6083,-0.4265,0.4885,1.0924,0.5754,-0.52679,0.28092,0.3998,-1.4336,0.58499
1.6153,-0.42175,0.48402,1.0948,0.5754,-0.53549,0.28092,0.3998,-1.5284,0.58499
1.6241,-0.41697,0.47944,1.0972,0.5754,-0.56216,0.28493,0.3998,-1.2081,0.46375
1.6322,-0.41206,0.47464,1.0995,0.57766,-0.58108,0.28493,0.3998,-1.5284,0.46375
1.6412,-0.40716,0.46987,1.102,0.5901,-0.5867,0.28618,0.3998,-1.5284,0.46375
1.6493,-0.40221,0.46492,1.1044,0.5901,-0.592,0.28745,0.3998,-1.5284,0.46375
1.6578,-0.39719,0.45988,1.1068,0.5901,-0.59396,0.28745,0.87434,-1.857,0.58499
1.6664,-0.39212,0.45485,1.1093,0.59964,-0.59774,0.28834,0.85109,-1.7382,0.46375
1.6744,-0.38693,0.44958,1.1117,0.6089,-0.60642,0.28978,0.85109,-1.3547,0.46375
1.6835,-0.38182,0.44431,1.1142,0.6089,-0.62123,0.28978,0.85109,-1.3547,0.46375
1.6905,-0.37669,0.43898,1.1167,0.61686,-0.636,0.29055,0.85109,-1.3547,0.46375
1.7006,-0.37144,0.43346,1.1192,0.61686,-0.64077,0.29055,0.3998,-0.47534,0.46375
1.7073,-0.36609,0.42797,1.1218,0.63353,-0.65471,0.29357,0.85109,-1.3547,0.58499
1.7168,-0.36067,0.42225,1.1242,0.65029,-0.68387,0.29874,0.3998,-0.47534,0.46375
1.7235,-0.35525,0.41649,1.1268,0.65471,-0.71296,0.30174,0.3998,-0.47534,0.46375
1.7325,-0.34993,0.41078,1.1294,0.65514,-0.71667,0.305,0.3998,-0.47534,0.58499
1.7408,-0.34442,0.40491,1.1319,0.65631,-0.72205,0.3126,0.063425,0.1296,0.46375
1.7498,-0.33884,0.39905,1.1345,0.66194,-0.72885,0.3126,0.3998,-0.47534,0.58499
1.7573,-0.33326,0.39294,1.1371,0.66886,-0.73565,0.31877,0.3998,-0.47534,0.58499
1.7657,-0.32774,0.3869,1.1398,0.67988,-0.74549,0.32249,0.3998,-0.47534,0.58499
1.7739,-0.32208,0.38074,1.1424,0.67988,-0.74549,0.32228,0.24007,0.16861,0.58499
1.7827,-0.31636,0.37448,1.145,0.68845,-0.76119,0.32228,0.51472,-0.47534,0.61064
1.7907,-0.3106,0.36828,1.1477,0.68845,-0.76119,0.32228,-0.12461,0.16861,0.47132
1.7994,-0.30487,0.36189,1.1504,0.69997,-0.77129,0.32497,0.51472,-0.47534,0.61064
1.8082,-0.29913,0.35553,1.1531,0.69997,-0.77129,0.32497,-0.12461,0.16861,0.47132
1.8162,-0.29321,0.349,1.1558,0.70095,-0.78326,0.32497,0.51472,0.16861,0.61064
1.824,-0.28724,0.34243,1.1585,0.71389,-0.79879,0.32673,0.51472,0.16861,0.61064
1.8329,-0.28125,0.33583,1.1612,0.72123,-0.80639,0.3299,-0.12461,0.16861,0.47132
1.8413,-0.27531,0.32912,1.164,0.72123,-0.80639,0.3299,0.51472,-0.33996,0.61064
1.8493,-0.26933,0.32254,1.1668,0.72123,-0.80639,0.3299,-0.12461,0.16861,0.47132
1.8576,-0.26327,0.31564,1.1695,0.72974,-0.81457,0.33172,-0.12461,0.16861,0.61064
1.8664,-0.25722,0.30886,1.1723,0.72974,-0.81457,0.33172,-0.2502,0.16861,0.47132
1.8742,-0.25108,0.30197,1.1751,0.73453,-0.82099,0.33262,-0.12461,-0.33996,0.61064
1.8825,-0.24494,0.29511,1.1778,0.73453,-0.82405,0.33497,-0.12461,0.13888,0.47132
1.8909,-0.23876,0.28816,1.1806,0.7394,-0.82534,0.33672,-0.12461,0.13888,0.47132
1.8998,-0.23255,0.28101,1.1834,0.73857,-0.82534,0.33672,-0.12461,0.54048,0.47132
1.9075,-0.22626,0.27404,1.1863,0.73857,-0.82534,0.33425,-0.12461,0.093501,0.47132
1.9159,-0.22,0.26693,1.1891,0.74444,-0.83088,0.33672,-0.12461,0.54048,0.47132
1.9239,-0.21375,0.25984,1.192,0.74645,-0.84558,0.33916,-0.2502,0.61558,0.16648
1.9329,-0.20742,0.2527,1.1948,0.74864,-0.8639,0.33766,-0.12461,0.54048,0.47132
1.9405,-0.20105,0.24543,1.1977,0.76462,-0.87724,0.33999,-0.2502,0.61558,0.16648
1.9495,-0.19467,0.2382,1.2005,0.76462,-0.87724,0.33999,-0.12461,0.54048,0.47132
1.9575,-0.18833,0.23092,1.2034,0.75036,-0.86995,0.3396,-0.2502,0.61558,0.16648
1.9663,-0.18198,0.22368,1.2064,0.76462,-0.87724,0.3411,-0.12461,0.54048,0.47132
1.9734,-0.17547,0.21627,1.2092,0.7725,-0.87724,0.34258,-0.2502,0.61558,0.16648
1.9828,-0.16898,0.2089,1.2121,0.78189,-0.88924,0.34942,-0.12461,0.54048,0.47132
1.9914,-0.16252,0.20134,1.215,0.78189,-0.88924,0.34942,-0.12461,0.54048,0.28771
1.9994,-0.15617,0.19398,1.218,0.78189,-0.88924,0.34942,-0.12461,0.54048,0.62359
2.0076,-0.14961,0.18654,1.2208,0.78663,-0.90108,0.34942,-0.12461,0.54048,0.62359
2.0159,-0.14304,0.17906,1.2237,0.78663,-0.90108,0.34942,-0.2502,0.61558,0.14139
2.0239,-0.13647,0.17154,1.2266,0.78663,-0.90108,0.34481,-0.12461,0.54048,0.62359
2.0326,-0.12997,0.16401,1.2295,0.78663,-0.90108,0.34481,-0.14255,0.61558,0.14139
2.0412,-0.12349,0.15657,1.2325,0.79099,-0.90452,0.34481,-0.14255,0.61558,0.14139
2.0492,-0.11687,0.14894,1.2354,0.79099,-0.90452,0.34481,-0.14255,0.61558,-0.2869
2.0578,-0.11025,0.14142,1.2383,0.79099,-0.90452,0.34218,-0.11424,0.54048,0.16426
2.0659,-0.10361,0.13376,1.2412,0.79099,-0.90452,0.34218,-0.14255,0.61558,-0.2869
2.0739,-0.097086,0.12631,1.2441,0.79624,-0.91336,0.34481,-0.14255,0.61558,0.16426
2.0838,-0.090391,0.11872,1.247,0.79163,-0.90452,0.34218,-0.14255,0.61558,0.16426
2.09,-0.083767,0.11114,1.2499,0.78084,-0.88622,0.3396,-0.14255,0.61558,0.16426
2.0991,-0.077166,0.10356,1.2529,0.78609,-0.89506,0.34218,-0.14255,0.61558,0.16426
2.1075,-0.07052,0.095934,1.2558,0.78331,-0.88769,0.33951,-0.14255,0.61558,0.16426
2.1165,-0.063968,0.088395,1.2587,0.7834,-0.89393,0.34009,-0.14255,0.61558,0.16426
2.1232,-0.05739,0.080756,1.2616,0.7834,-0.89894,0.33889,-0.14255,0.61558,0.16426
2.1327,-0.050728,0.073222,1.2646,0.7834,-0.89894,0.33889,-0.14255,0.54048,0.16426
2.141,-0.044059,0.065523,1.2674,0.7941,-0.90714,0.33889,-0.2502,0.72585,-0.2869
2.1498,-0.037435,0.057992,1.2703,0.7834,-0.89894,0.33758,-0.2502,0.72585,-0.2869
2.1574,-0.030944,0.050381,1.2732,0.78102,-0.89485,0.33758,-0.2502,0.72585,-0.2869
2.1661,-0.024262,0.042863,1.2761,0.78376,-0.89819,0.33758,-0.2502,0.72585,-0.2869
2.1749,-0.017561,0.035147,1.2789,0.78273,-0.89485,0.3374,-0.38009,0.98172,-0.37433
2.1826,-0.011113,0.027677,1.2818,0.78273,-0.89485,0.3374,-0.2502,0.98172,-0.2869
2.1911,-0.0043887,0.020031,1.2846,0.78273,-0.89485,0.3374,-0.2502,0.98172,-0.2869
2.1995,0.0021613,0.01253,1.2875,0.78273,-0.89485,0.3374,-0.2502,0.98172,-0.2869
2.208,0.0086796,0.0049472,1.2904,0.78273,-0.89485,0.3374,-0.14255,0.72585,0.16426
2.216,0.015232,-0.0025101,1.2932,0.78273,-0.89485,0.3374,-0.2502,0.98172,-0.2869
2.2243,0.021918,-0.01005,1.296,0.78273,-0.89485,0.3374,-0.14255,0.72585,0.24223
2.2327,0.02835,-0.017586,1.2988,0.78273,-0.89485,0.3374,-0.2502,0.72585,-0.2869
2.241,0.034887,-0.024963,1.3017,0.78273,-0.89485,0.3374,-0.14255,0.72585,-0.19606
2.2494,0.041446,-0.032506,1.3045,0.78273,-0.89485,0.3374,-0.2502,0.98172,-0.2869
2.2577,0.047967,-0.039787,1.3073,0.78552,-0.89533,0.33871,-0.14255,0.72585,-0.19606
2.2668,0.054596,-0.047286,1.31,0.78273,-0.89207,0.3374,-0.14255,0.98172,-0.19606
2.2738,0.061062,-0.054553,1.3128,0.77823,-0.88983,0.3374,-0.14255,0.98172,-0.19606
2.2838,0.067468,-0.061963,1.3156,0.78273,-0.89207,0.3374,-0.14255,0.98172,-0.19606
2.2902,0.073895,-0.06919,1.3184,0.78552,-0.89207,0.33714,-0.14255,0.98172,-0.19606
2.3002,0.080496,-0.07654,1.3211,0.78273,-0.88954,0.33366,-0.14255,0.98172,-0.19606
2.3071,0.086784,-0.083816,1.324,0.77099,-0.88166,0.33072,-0.14255,0.98172,-0.19606
2.3165,0.093263,-0.091151,1.3267,0.78273,-0.87731,0.33366,-0.14255,0.98172,-0.19606
2.3235,0.099681,-0.098397,1.3294,0.76992,-0.85941,0.32213,-0.2502,1.1137,-0.2869
2.3331,0.10607,-0.10559,1.3322,0.75133,-0.84229,0.32015,-0.2502,0.98172,-0.21687
2.3412,0.11243,-0.11278,1.335,0.75133,-0.84229,0.32015,-0.2502,0.98172,-0.21687
2.3497,0.11891,-0.11997,1.3376,0.75133,-0.84229,0.32015,-0.2502,0.98172,-0.21687
2.3584,0.12522,-0.12718,1.3403,0.74151,-0.83855,0.31414,-0.2502,0.98172,-0.21687
2.3661,0.1315,-0.1342,1.3431,0.74151,-0.83855,0.31414,-0.23983,0.72585,-0.21687
2.3739,0.1379,-0.14132,1.3458,0.74151,-0.83855,0.31414,-0.38009,1.1254,-0.2869
2.3827,0.14418,-0.14838,1.3485,0.74151,-0.83855,0.31414,-0.23983,0.72585,-0.21687
2.3914,0.15043,-0.15543,1.3511,0.74151,-0.83855,0.31414,-0.38009,1.1254,-0.2869
2.3993,0.15675,-0.16235,1.3538,0.74151,-0.83855,0.31414,-0.27244,0.72585,-0.2869
2.4077,0.16298,-0.16942,1.3564,0.74151,-0.83855,0.31414,-0.27244,0.72585,-0.2869
2.416,0.16912,-0.17631,1.3592,0.74151,-0.83855,0.31414,-0.27244,0.72585,-0.2869
2.4238,0.17541,-0.18328,1.3618,0.74151,-0.83855,0.31414,-0.27244,0.72585,-0.2869
2.433,0.1816,-0.19008,1.3644,0.73589,-0.83285,0.31414,-0.27244,0.72585,-0.2869
2.4412,0.18766,-0.197,1.367,0.74151,-0.83751,0.31632,-0.27244,0.72585,-0.21687
2.4504,0.19383,-0.20375,1.3697,0.73589,-0.83285,0.31414,-0.27244,0.72585,-0.24955
2.457,0.20002,-0.21061,1.3723,0.72527,-0.81997,0.31034,-0.27244,0.72585,-0.24955
2.4668,0.20602,-0.21719,1.3749,0.73589,-0.81997,0.31414,-0.48196,0.72585,-0.2869
2.4739,0.21208,-0.22398,1.3775,0.73589,-0.81775,0.31414,-0.27244,0.54273,-0.24955
2.4835,0.21826,-0.23059,1.38,0.72437,-0.78596,0.30739,-0.48196,0.72585,-0.2869
2.4907,0.22411,-0.23728,1.3825,0.70612,-0.76746,0.30004,-0.27244,0.54273,-0.24955
2.4997,0.23006,-0.24371,1.3851,0.69982,-0.76203,0.29803,-0.27244,0.72585,-0.24955
2.5075,0.23612,-0.25035,1.3876,0.69468,-0.74902,0.2974,-0.27244,0.84577,-0.24955
2.5168,0.24207,-0.25679,1.3902,0.69982,-0.75679,0.29803,-0.27244,0.70578,-0.24955
2.5245,0.24803,-0.26331,1.3928,0.69982,-0.74697,0.29803,-0.27244,0.70578,-0.2869
2.533,0.25391,-0.26958,1.3952,0.69982,-0.74697,0.29803,0.099767,0.70578,-0.24955
2.5414,0.25973,-0.27599,1.3977,0.69982,-0.74295,0.2974,-0.34171,0.84577,-0.31374
2.5492,0.26554,-0.28228,1.4003,0.69982,-0.74295,0.2974,-0.60776,0.84577,-0.24955
2.5579,0.27144,-0.28858,1.4027,0.69468,-0.73234,0.29223,-0.60776,0.84577,-0.24955
2.566,0.27727,-0.29474,1.4051,0.69468,-0.73234,0.29223,-0.60776,0.84577,-0.24955
2.5741,0.2829,-0.30099,1.4075,0.69468,-0.72674,0.28795,-0.77249,1.153,-0.24955
2.5824,0.28874,-0.30698,1.41,0.69468,-0.72674,0.28792,-0.77249,0.84577,-0.24955
2.5914,0.29449,-0.31321,1.4123,0.69468,-0.72454,0.28593,-0.77249,0.84577,-0.24955
2.5992,0.30012,-0.31913,1.4148,0.69468,-0.72454,0.28447,-0.77249,0.84577,-0.24955
2.6074,0.30714,-0.32503,1.4175,0.69468,-0.72454,0.28447,-0.77249,0.84577,-0.24955
2.6161,0.31272,-0.33092,1.4199,0.69413,-0.72195,0.28116,-0.77249,0.84577,-0.24955
2.624,0.31836,-0.33689,1.4222,0.68891,-0.71023,0.28037,-0.77249,0.84577,-0.24955
2.6329,0.32388,-0.34266,1.4245,0.68388,-0.69628,0.27931,-0.77249,0.84577,-0.24955
2.641,0.32942,-0.34849,1.4268,0.68891,-0.69628,0.28037,-0.77249,0.84577,-0.24955
2.6498,0.33516,-0.35411,1.4292,0.66868,-0.69165,0.27931,-0.77249,0.84577,-0.24955
2.6579,0.34084,-0.35974,1.4315,0.64684,-0.68314,0.2769,-0.34171,0.66266,-0.2024
2.6661,0.34603,-0.36529,1.4338,0.64161,-0.67584,0.27363,-0.77249,0.84577,-0.24955
2.674,0.35181,-0.37076,1.436,0.64684,-0.66182,0.27363,-0.34171,0.84577,-0.2024
2.6834,0.35725,-0.37618,1.4383,0.64105,-0.64339,0.26984,-0.34171,0.66266,-0.1489
2.6905,0.36237,-0.38156,1.4405,0.64105,-0.63499,0.26683,-0.34171,0.84577,-0.2024
2.6995,0.36808,-0.38676,1.4428,0.63861,-0.62355,0.26057,-0.10976,0.66266,-0.1489
2.7079,0.37343,-0.39208,1.4449,0.63358,-0.60719,0.25436,-0.10976,0.66266,-0.1489
2.717,0.37876,-0.39719,1.4471,0.63358,-0.58939,0.2528,-0.10976,0.66266,0.0087661
2.7237,0.38404,-0.40233,1.4493,0.63121,-0.5768,0.25075,-0.77249,1.1826,-0.1489
2.7328,0.38928,-0.40725,1.4515,0.62869,-0.56946,0.25075,-0.10976,0.66266,-0.14597
2.741,0.39457,-0.4122,1.4536,0.62247,-0.56461,0.24852,-0.33102,0.66266,-0.16678
2.7497,0.39944,-0.41702,1.4557,0.61466,-0.56087,0.24758,-0.33102,0.66266,-0.16678
2.7576,0.40457,-0.42184,1.4578,0.60944,-0.55622,0.24655,-0.33102,0.66266,-0.16678
2.7661,0.40984,-0.42653,1.4599,0.61108,-0.55279,0.24655,-0.33102,0.66266,-0.16678
2.7744,0.41523,-0.43123,1.462,0.60927,-0.54749,0.24516,-0.33102,0.66266,-0.16678
2.7828,0.41995,-0.4357,1.4641,0.60173,-0.53838,0.24455,-0.33102,0.66266,-0.16678
2.7908,0.42498,-0.44017,1.4661,0.60173,-0.53838,0.24455,-0.33102,0.66266,-0.16678
2.7992,0.43009,-0.44451,1.4681,0.60173,-0.52409,0.24455,-0.33102,0.66266,-0.16678
2.8079,0.43508,-0.44892,1.47,0.58743,-0.51524,0.24403,-0.33102,0.66266,-0.16678
2.8159,0.43999,-0.45306,1.4721,0.58703,-0.51309,0.24291,-1.1147,0.89666,-0.16678
2.8244,0.44476,-0.45731,1.474,0.58703,-0.50583,0.24291,-0.33102,0.89666,-0.14597
2.8325,0.44957,-0.46132,1.476,0.58703,-0.49853,0.24108,-1.1147,0.97676,-0.16678
2.841,0.4543,-0.46536,1.4779,0.58466,-0.48491,0.23436,-0.33102,0.97676,-0.14597
2.8492,0.45929,-0.46917,1.4799,0.57605,-0.47005,0.22806,-1.1147,0.97676,-0.16678
2.8575,0.46408,-0.47305,1.4817,0.57605,-0.46667,0.22806,-0.33102,0.97676,-0.14597
2.867,0.46841,-0.47671,1.4837,0.57605,-0.46592,0.22691,-1.1147,1.0673,-0.16678
2.8734,0.47339,-0.48036,1.4855,0.57605,-0.45063,0.22557,-1.1147,1.2697,-0.16678
2.8824,0.4781,-0.48387,1.4873,0.56783,-0.42826,0.2224,-1.1147,1.0673,-0.16678
2.8908,0.48242,-0.4874,1.4892,0.56783,-0.40872,0.2181,-1.1147,1.2697,-0.16678
2.9,0.48709,-0.49072,1.491,0.55777,-0.39359,0.21582,-1.1147,1.2697,-0.16678
2.9072,0.49189,-0.49405,1.4927,0.53942,-0.38735,0.21227,-1.4426,1.2697,-0.19256
2.9159,0.49612,-0.49717,1.4945,0.51993,-0.37186,0.21227,-1.1147,1.2697,-0.16678
2.9237,0.5007,-0.50024,1.4963,0.51421,-0.3575,0.20788,-1.4426,1.4938,-0.19256
2.9332,0.50509,-0.50323,1.498,0.50962,-0.35185,0.20352,-1.4426,1.4938,-0.19256
2.9401,0.50953,-0.50621,1.4997,0.50232,-0.34182,0.1995,-1.4426,1.2697,-0.19256
2.9493,0.51358,-0.50895,1.5014,0.50232,-0.32389,0.19779,-1.4426,1.4938,-0.19256
2.9574,0.51832,-0.51168,1.503,0.50232,-0.30512,0.1938,-1.4426,1.2697,-0.19256
2.9665,0.52236,-0.51432,1.5047,0.49653,-0.29511,0.1895,-1.4426,1.4938,-0.19256
2.9739,0.52665,-0.51689,1.5063,0.49653,-0.2906,0.18699,-1.4426,1.2697,-0.19256
2.9826,0.53087,-0.51936,1.5078,0.48828,-0.28483,0.18463,-1.4426,1.4938,-0.19256
2.9912,0.53517,-0.52177,1.5094,0.48148,-0.2801,0.18332,-1.1147,1.2697,-0.19256
2.9987,0.53899,-0.52392,1.5111,0.4754,-0.26519,0.18159,-1.4426,1.2697,-0.22524
3.0077,0.54312,-0.52617,1.5126,0.4754,-0.24879,0.17824,-1.1147,1.2697,-0.18963
3.0162,0.54735,-0.52817,1.514,0.4754,-0.24013,0.17824,-1.4426,1.2697,-0.22524
3.0243,0.55108,-0.53017,1.5156,0.46797,-0.22907,0.17763,-1.4426,1.0673,-0.18963
3.0329,0.55512,-0.53197,1.5171,0.46797,-0.21732,0.17484,-1.4426,1.2697,-0.18963
3.0408,0.55926,-0.53374,1.5185,0.46547,-0.20998,0.17317,-1.3389,1.0673,-0.18963
3.0497,0.56292,-0.53541,1.5199,0.46547,-0.19914,0.17174,-1.5459,1.0673,-0.22524
3.0574,0.56682,-0.53703,1.5213,0.46547,-0.18344,0.16968,-1.3389,1.0673,-0.18963
3.0658,0.57043,-0.53849,1.5227,0.46267,-0.17599,0.16862,-1.5459,1.1713,-0.18963
3.0736,0.57406,-0.53988,1.524,0.45969,-0.16688,0.16727,-1.3389,1.1713,-0.093816
3.0834,0.57785,-0.54109,1.5254,0.45921,-0.14903,0.16583,-1.3389,1.2923,-0.18963
3.091,0.58176,-0.5423,1.5267,0.44429,-0.13033,0.16138,-1.3389,1.1713,-0.18963
3.1001,0.58528,-0.54338,1.528,0.42646,-0.12065,0.15705,-1.3389,1.2923,-0.18963
3.1073,0.58864,-0.54437,1.5293,0.42306,-0.11648,0.15003,-1.3389,1.1713,-0.22524
3.1162,0.59241,-0.54518,1.5306,0.42306,-0.1027,0.1431,-1.3389,1.2923,-0.18963
3.1236,0.59582,-0.54603,1.5318,0.4181,-0.083274,0.14269,-1.3389,1.1713,-0.18963
3.1327,0.59916,-0.54672,1.5331,0.4181,-0.074148,0.14253,-1.1147,1.2923,-0.093816
3.1408,0.60297,-0.54731,1.5342,0.40413,-0.058719,0.14181,-1.3389,1.2923,-0.18963
3.1497,0.60619,-0.54771,1.5354,0.39796,-0.040422,0.14009,-1.1147,1.2923,-0.18963
3.1586,0.6093,-0.54803,1.5367,0.39196,-0.032485,0.13838,-1.3389,1.2923,-0.18963
3.1659,0.61239,-0.54824,1.5378,0.39196,-0.02419,0.13739,-1.1147,1.2923,-0.18963
3.1741,0.61562,-0.5484,1.5389,0.39196,-0.019253,0.13739,-1.2936,1.4938,-0.20921
3.1823,0.61901,-0.54844,1.5401,0.39196,-0.012213,0.13699,-1.1147,1.657,-0.18344
3.1914,0.62246,-0.54862,1.5411,0.39196,0.0074121,0.13679,-0.65903,1.4938,-0.18344
3.1991,0.62582,-0.54846,1.5421,0.3881,0.033789,0.13543,-1.1147,1.4938,-0.18344
3.2079,0.62849,-0.54801,1.5433,0.38245,0.04948,0.13321,-0.65903,1.4938,-0.093816
3.2159,0.63157,-0.54751,1.5444,0.38245,0.053311,0.1317,-0.65903,1.4938,-0.18344
3.2247,0.63456,-0.54709,1.5454,0.38245,0.058826,0.12514,-0.278,1.2923,-0.18344
3.2328,0.6378,-0.54652,1.5463,0.38245,0.066481,0.11865,-0.83795,1.4938,-0.18344
3.2412,0.64105,-0.54606,1.5473,0.38245,0.073801,0.11865,-0.278,1.2923,-0.18344
3.2508,0.64413,-0.54532,1.5483,0.35767,0.096474,0.11591,-0.49867,1.4938,-0.18344
3.2575,0.64708,-0.54455,1.5492,0.33745,0.12313,0.11221,-0.278,1.2923,-0.18344
3.2668,0.6497,-0.54333,1.5502,0.3286,0.13185,0.11054,-0.49867,1.4938,-0.18344
3.2737,0.65256,-0.54217,1.5511,0.31957,0.13981,0.11049,-0.278,1.2923,-0.18344
3.2828,0.65494,-0.54082,1.5521,0.31893,0.15791,0.11032,-0.278,1.4938,-0.18344
3.291,0.65771,-0.53942,1.5531,0.31893,0.16994,0.11032,-0.278,1.2923,-0.18344
3.3002,0.66063,-0.53821,1.5539,0.31238,0.18079,0.10989,-0.278,1.4938,-0.18344
3.3076,0.6636,-0.53675,1.5547,0.30412,0.19394,0.10835,-0.278,1.2923,-0.18344
3.3165,0.66602,-0.53505,1.5556,0.30412,0.20752,0.10618,-0.49867,1.4938,-0.18344
3.3244,0.6683,-0.53331,1.5566,0.29781,0.21881,0.10479,-0.49867,1.4938,-0.20921
3.3327,0.6708,-0.53148,1.5575,0.28983,0.22065,0.10224,-0.278,1.4938,-0.18344
3.3416,0.67332,-0.52953,1.5583,0.28522,0.24032,0.098843,-0.49867,1.2923,-0.20921
3.3494,0.67583,-0.52745,1.559,0.28522,0.26157,0.097384,-0.49867,1.4938,-0.20921
3.358,0.67825,-0.52517,1.5599,0.28522,0.26519,0.097384,-0.81471,1.2923,-0.18344
3.3664,0.68043,-0.523,1.5608,0.28522,0.26899,0.095527,-0.81471,1.4938,-0.18344
3.3737,0.68265,-0.52063,1.5617,0.28522,0.27392,0.095527,-0.81471,1.2923,-0.1446
3.3824,0.68522,-0.51822,1.5624,0.28341,0.28978,0.095527,-0.92101,1.2923,-0.18344
3.3913,0.68753,-0.51579,1.5632,0.28341,0.30749,0.092945,-0.77932,1.1713,-0.1446
3.3994,0.69016,-0.5133,1.5638,0.28341,0.31633,0.089779,-0.92101,1.2923,-0.16419
3.4079,0.6923,-0.51057,1.5646,0.27734,0.32289,0.08817,-0.77932,1.1713,-0.16419
3.4163,0.6944,-0.5077,1.5654,0.26583,0.32511,0.087373,-0.92101,1.2923,-0.16419
3.4242,0.69655,-0.50473,1.5661,0.25943,0.33253,0.086434,-0.77932,1.2923,-0.16419
3.4338,0.69877,-0.50181,1.5668,0.25547,0.35207,0.08573,-0.77932,1.2923,-0.16419
3.4406,0.70088,-0.49866,1.5675,0.25025,0.37002,0.08573,-0.77932,1.1713,-0.16419
3.4505,0.70259,-0.49544,1.5682,0.24034,0.39565,0.082777,-0.77932,1.2923,-0.16419
3.4574,0.70458,-0.49214,1.5689,0.23133,0.41974,0.079633,-0.77932,1.2923,-0.11018
3.4666,0.70672,-0.48878,1.5696,0.22895,0.42884,0.078883,-0.77932,1.2923,-0.11018
3.4738,0.70883,-0.48542,1.5703,0.22314,0.43955,0.07853,-0.77932,1.2923,-0.089634
3.4824,0.71051,-0.48183,1.571,0.21602,0.44902,0.078015,-0.55336,1.2923,-0.11018
3.4909,0.71244,-0.47814,1.5715,0.20752,0.45614,0.076765,-0.77932,1.4938,-0.11018
3.4998,0.71423,-0.47436,1.5722,0.20177,0.46213,0.075114,-0.55336,1.4938,-0.11018
3.5083,0.71603,-0.47059,1.5729,0.20103,0.46763,0.073439,-0.55336,1.4938,-0.11018
3.5168,0.71775,-0.46663,1.5735,0.20049,0.47013,0.072361,-0.55336,1.8079,-0.11018
3.5236,0.71913,-0.4626,1.5741,0.19728,0.47281,0.071335,-0.55336,1.4938,-0.11018
3.5326,0.72092,-0.45855,1.5747,0.19728,0.49148,0.071335,-0.37901,1.4938,-0.11018
3.5418,0.72239,-0.45432,1.5753,0.19171,0.51032,0.070205,-0.55336,1.3954,-0.13779
3.5491,0.72399,-0.45008,1.5758,0.17935,0.51984,0.06879,-0.37901,1.8079,-0.11018
3.5575,0.7254,-0.44565,1.5764,0.16821,0.52856,0.067691,-0.55336,1.3954,-0.13779
3.566,0.727,-0.44131,1.5769,0.16651,0.53725,0.067565,-0.55336,1.8079,-0.11018
3.5739,0.72825,-0.43667,1.5775,0.16525,0.56132,0.067048,-0.37901,1.3954,-0.089634
3.5828,0.72975,-0.43218,1.578,0.16376,0.58074,0.063821,-0.37901,1.3954,-0.11018
3.5908,0.73107,-0.42749,1.5785,0.16159,0.58272,0.060767,-0.37901,0.90295,-0.11018
3.5998,0.73253,-0.42275,1.579,0.15967,0.58453,0.059456,-0.37901,0.90295,-0.11018
3.6079,0.7338,-0.41794,1.5795,0.15851,0.58453,0.057682,-0.37901,1.3824,-0.11018
3.6161,0.73511,-0.41306,1.58,0.15714,0.58851,0.055569,-0.37901,0.90295,-0.13779
3.6242,0.73646,-0.4081,1.5804,0.1561,0.59269,0.053126,-0.278,1.3824,-0.13779
3.6335,0.73753,-0.40308,1.5809,0.15199,0.59811,0.051342,-0.37901,0.90295,-0.13779
3.6407,0.73866,-0.39786,1.5814,0.14191,0.6063,0.050243,-0.278,0.90295,-0.13779
3.6493,0.73983,-0.3928,1.5817,0.13161,0.61558,0.048675,-0.37901,0.53197,-0.13779
3.6578,0.74077,-0.3874,1.5823,0.12713,0.62781,0.04613,-0.55336,0.90295,-0.11018
3.6665,0.74184,-0.38216,1.5826,0.12456,0.63686,0.044606,-0.37901,1.3824,-0.11018
3.674,0.74296,-0.37677,1.583,0.1192,0.64627,0.044186,-0.37901,0.90295,-0.13779
3.6828,0.74406,-0.37134,1.5833,0.11506,0.65632,0.043666,-0.37901,1.3824,-0.13779
3.691,0.74501,-0.36591,1.5837,0.11302,0.66818,0.043301,-0.37901,1.3824,-0.13779
3.6998,0.74577,-0.36029,1.5841,0.10755,0.67899,0.043085,-0.55336,1.3824,-0.13779
3.7077,0.74678,-0.35467,1.5844,0.10001,0.69032,0.040977,-0.37901,1.3824,-0.11018
3.716,0.74764,-0.34885,1.5848,0.096395,0.7011,0.038214,-0.278,1.5769,-0.11018
3.7242,0.74843,-0.34311,1.5851,0.094357,0.7011,0.037408,-0.37901,1.3824,-0.11018
3.7328,0.74926,-0.33724,1.5854,0.089603,0.70259,0.037408,-0.37901,1.5769,-0.13779
3.7406,0.74989,-0.33132,1.5857,0.086587,0.70607,0.037337,-0.55336,1.0914,-0.13779
3.7496,0.75073,-0.32544,1.586,0.084477,0.70901,0.036785,-0.55336,1.0914,-0.11018
3.7582,0.75141,-0.31932,1.5863,0.082306,0.70901,0.035923,-0.55336,1.5769,-0.11018
3.7653,0.75202,-0.31323,1.5866,0.080377,0.71181,0.035179,-0.55336,1.0914,-0.11018
3.7739,0.75273,-0.30714,1.5869,0.076131,0.721,0.033006,-0.3327,1.0914,-0.11018
3.7829,0.75329,-0.30103,1.5871,0.070637,0.73452,0.031203,-0.55336,1.0914,-0.11018
3.7913,0.75391,-0.29478,1.5873,0.067079,0.74276,0.028688,-0.3327,1.0914,-0.089634
3.7994,0.75441,-0.28843,1.5875,0.064544,0.74619,0.025713,-0.3327,1.0914,-0.089634
3.808,0.75499,-0.28203,1.5877,0.062422,0.75267,0.024281,-0.3327,1.5769,-0.089634
3.8158,0.75526,-0.27554,1.588,0.061905,0.76195,0.02298,-0.3327,1.0914,-0.089634
3.8248,0.75582,-0.26918,1.5882,0.061512,0.76257,0.020681,-0.3327,1.5769,-0.11018
3.8324,0.75614,-0.26264,1.5884,0.055541,0.76973,0.018156,-0.3327,1.104,-0.089634
3.8412,0.75669,-0.25623,1.5885,0.048737,0.78077,0.017278,-0.3327,0.62461,-0.076726
3.8498,0.75727,-0.2498,1.5887,0.045332,0.78077,0.016777,-0.3327,0.62461,-0.089634
3.8576,0.75755,-0.24312,1.5888,0.040117,0.78994,0.01642,-0.55336,0.62461,-0.076726
3.8662,0.75787,-0.23647,1.5889,0.036933,0.79727,0.01525,-0.55336,1.104,-0.089634
3.8743,0.75826,-0.22973,1.5891,0.035969,0.79808,0.013104,-0.55336,0.5446,-0.089634
3.883,0.75843,-0.22313,1.5891,0.031756,0.81129,0.011608,-0.55336,1.104,-0.076726
3.8906,0.7588,-0.21629,1.5892,0.027692,0.82508,0.010692,-0.55336,1.104,-0.0025326
3.8994,0.75896,-0.20949,1.5893,0.02336,0.82247,0.0098404,-0.28733,1.104,-0.076726
3.9075,0.75902,-0.20266,1.5894,0.018681,0.82247,0.0095247,-0.55336,1.104,-0.0025326
3.9163,0.75927,-0.19571,1.5895,0.017563,0.82247,0.0083098,-0.28733,1.104,-0.0025326
3.9243,0.75949,-0.1889,1.5895,0.016664,0.82956,0.0055432,-0.63327,1.104,0.06981
3.9329,0.75958,-0.18196,1.5895,0.014857,0.82956,0.002783,-0.63327,1.104,-0.0025326
3.9414,0.75973,-0.17498,1.5896,0.012409,0.82956,0.00014549,-0.63327,1.5769,0.06981
3.9492,0.7598,-0.16802,1.5896,0.010256,0.82956,-0.0024415,-0.63327,1.104,-0.0025326
3.958,0.75992,-0.16109,1.5896,0.0080951,0.83747,-0.0041028,-0.63327,1.5769,0.06981
3.966,0.76005,-0.15409,1.5895,0.0055786,0.83747,-0.0050713,-0.63327,1.104,-0.0025326
3.974,0.76008,-0.14706,1.5895,0.0036553,0.83747,-0.0056403,-0.63327,1.5769,0.06981
3.9825,0.76011,-0.14007,1.5893,0.0023981,0.84262,-0.0067352,-0.63327,1.5769,-0.0025326
3.9911,0.76003,-0.13302,1.5893,0.0005694,0.84262,-0.0079963,-0.63327,1.5769,-0.0025326
3.9995,0.75978,-0.12577,1.5893,-0.0014074,0.84262,-0.010194,-0.63327,1.104,-0.0025326
4.0077,0.75976,-0.11855,1.5892,-0.0028588,0.83577,-0.013261,-0.63327,1.5769,-0.0025326
4.0174,0.75978,-0.11149,1.589,-0.006211,0.85204,-0.014769,-0.63327,1.104,-0.0025326
4.0241,0.75969,-0.10433,1.5888,-0.01112,0.86837,-0.01575,-0.63327,1.104,-0.0025326
4.0334,0.75949,-0.097236,1.5887,-0.013343,0.86837,-0.016865,-0.63327,1.104,-0.076726
4.0401,0.75912,-0.089782,1.5886,-0.016692,0.87121,-0.017424,-0.28733,1.104,-0.076726
4.0501,0.75892,-0.082455,1.5885,-0.020563,0.86837,-0.020115,-0.28733,1.5769,0.0031631
4.0575,0.75891,-0.075292,1.5882,-0.025607,0.87253,-0.024116,-0.63327,1.5769,0.0031631
4.0662,0.7588,-0.067971,1.5881,-0.030298,0.87902,-0.027353,-0.63327,1.5769,0.0031631
4.0738,0.75851,-0.060701,1.5879,-0.034231,0.88168,-0.029305,-0.63327,1.5769,0.09376
4.0829,0.75794,-0.053219,1.5876,-0.038087,0.88571,-0.029443,-0.63327,1.5769,0.0031631
4.0917,0.75791,-0.04589,1.5874,-0.04045,0.8999,-0.03111,-0.63327,1.104,0.09376
4.0998,0.7573,-0.038502,1.5871,-0.042971,0.8999,-0.03111,-0.92728,1.5769,0.0031631
4.1081,0.75686,-0.030975,1.5869,-0.048356,0.89798,-0.03371,-0.92728,1.5769,0.09376
4.1163,0.75661,-0.023704,1.5866,-0.05456,0.89798,-0.034734,-1.0644,1.5769,0.09376
4.1241,0.756,-0.016176,1.5862,-0.056536,0.89798,-0.036428,-0.92728,1.104,0.0031631
4.1326,0.75563,-0.0088375,1.5859,-0.060985,0.89798,-0.038622,-1.0644,1.5769,0.0031631
4.1411,0.75527,-0.0013874,1.5856,-0.062473,0.89798,-0.039848,-0.92728,1.104,-0.1097
4.1493,0.75474,0.0061577,1.5853,-0.063036,0.89798,-0.039848,-1.0644,1.5769,0.0031631
4.1577,0.75442,0.013637,1.585,-0.063978,0.89798,-0.040834,-0.92728,1.104,-0.1097
4.1659,0.75369,0.021179,1.5846,-0.069865,0.89798,-0.041229,-1.0644,1.5769,0.0031631
4.1739,0.75321,0.02863,1.5842,-0.069865,0.91,-0.043182,-1.0644,1.104,0.0031631
4.1832,0.75232,0.036207,1.5841,-0.071429,0.89798,-0.045458,-0.92728,1.104,0.0031631
4.1913,0.75181,0.043638,1.5835,-0.082348,0.89798,-0.045892,-1.0644,1.104,0.11699
4.2005,0.75102,0.051271,1.5831,-0.087629,0.9167,-0.045892,-1.0644,0.94665,0.11699
4.2073,0.7501,0.058871,1.5826,-0.087629,0.89581,-0.046258,-1.0644,1.4134,0.11699
4.2168,0.7495,0.066322,1.5821,-0.090134,0.9167,-0.04854,-1.0644,0.94665,-0.077864
4.2242,0.74879,0.073831,1.5818,-0.093069,0.9167,-0.050525,-1.0108,0.94665,0.11699
4.2333,0.74793,0.08148,1.5814,-0.095405,0.89581,-0.050596,-1.0108,0.94665,-0.036382
4.2411,0.74721,0.088877,1.5809,-0.09631,0.9167,-0.052423,-1.0108,0.94665,-0.23462
4.25,0.74626,0.096558,1.5804,-0.097134,0.91777,-0.057633,-1.0644,0.94665,-0.036382
4.2575,0.74585,0.10415,1.58,-0.09847,0.89341,-0.06122,-1.0108,0.94665,-0.036382
4.2665,0.74495,0.11164,1.5796,-0.1012,0.91182,-0.062867,-1.0644,0.94665,-0.036382
4.2745,0.74386,0.11904,1.579,-0.10539,0.90073,-0.061901,-1.1611,0.39292,-0.036382
4.2825,0.74304,0.12655,1.5785,-0.10772,0.90073,-0.063369,-1.1611,0.39292,0.063117
4.2917,0.74231,0.13402,1.5779,-0.10772,0.89113,-0.063369,-1.1611,-0.086296,0.25781
4.2993,0.74123,0.14148,1.5774,-0.10992,0.89113,-0.065544,-1.1611,0.39292,0.063117
4.3083,0.74035,0.14882,1.5767,-0.11638,0.88232,-0.067818,-1.1611,0.39292,0.25781
4.3167,0.73921,0.15624,1.5763,-0.12504,0.88232,-0.067818,-1.0535,0.39292,0.25781
4.324,0.73815,0.16368,1.5758,-0.13029,0.88038,-0.069317,-1.0535,-0.11525,0.25781
4.3317,0.73716,0.17107,1.575,-0.13137,0.88038,-0.069317,-1.1611,-0.11525,0.25781
4.3412,0.73613,0.17838,1.5744,-0.13341,0.88038,-0.070363,-1.1611,-0.11525,0.37089
4.3493,0.73516,0.18574,1.5738,-0.13341,0.88038,-0.071745,-1.0535,-0.52151,0.37089
4.3576,0.73407,0.19312,1.5733,-0.13302,0.87751,-0.071745,-1.0535,-0.11525,0.25781
4.3659,0.73269,0.20038,1.5727,-0.13484,0.86384,-0.072212,-1.0535,-0.11525,0.16266
4.3741,0.73161,0.2077,1.572,-0.13589,0.87751,-0.073695,-1.0535,-0.11525,0.16266
4.3827,0.73065,0.21478,1.5713,-0.13589,0.86384,-0.075825,-1.1611,-0.52151,0.27573
4.391,0.72951,0.22189,1.5706,-0.13714,0.86384,-0.079746,-1.0535,-0.52151,0.16266
4.3995,0.7282,0.22908,1.5701,-0.13739,0.84727,-0.08291,-1.0535,-0.52151,0.27573
4.4076,0.72683,0.23621,1.5694,-0.13739,0.84727,-0.08291,-0.99307,-0.11525,0.16266
4.417,0.72554,0.24341,1.5688,-0.14113,0.84026,-0.08291,-0.99307,-0.52151,0.16266
4.4234,0.7242,0.25049,1.5681,-0.14653,0.84727,-0.083127,-0.99307,-0.52151,0.16266
4.4325,0.72311,0.25758,1.5673,-0.15124,0.84026,-0.083127,-0.99307,-0.81412,0.16266
4.4409,0.72198,0.26448,1.5665,-0.15786,0.84026,-0.083612,-0.99307,-0.81412,0.28104
4.45,0.72067,0.2714,1.5658,-0.15786,0.83082,-0.084017,-0.99307,-0.81412,0.16266
4.4576,0.71904,0.27831,1.5651,-0.16211,0.82415,-0.08661,-0.99307,-0.52151,0.067304
4.4659,0.71769,0.28514,1.5643,-0.16567,0.82769,-0.08661,-0.99307,-0.81412,0.067304
4.474,0.71626,0.29198,1.5636,-0.17155,0.82415,-0.09409,-0.83937,-0.96662,0.28104
4.4835,0.71496,0.29867,1.5626,-0.17483,0.80198,-0.099082,-0.99307,-0.81412,0.28104
4.4909,0.71335,0.30547,1.562,-0.17803,0.79019,-0.10014,-0.83937,-0.96662,0.41456
4.4996,0.71206,0.31214,1.561,-0.18243,0.79019,-0.103,-0.99307,-0.96662,0.41456
4.5073,0.71064,0.31871,1.5602,-0.18243,0.77359,-0.10014,-0.83937,-0.96662,0.28104
4.5167,0.70901,0.32531,1.5595,-0.18281,0.76471,-0.103,-0.99307,-0.96662,0.28104
4.5239,0.70784,0.3317,1.5584,-0.18514,0.76196,-0.10637,-0.83937,-0.96662,0.28104
4.5329,0.70617,0.33817,1.5576,-0.18611,0.74755,-0.1092,-0.29838,-0.96662,0.28104
4.5414,0.70462,0.34443,1.5567,-0.18611,0.73243,-0.11126,-0.29838,-0.96662,0.28104
4.5493,0.7029,0.35094,1.5558,-0.1867,0.72973,-0.11235,-0.29838,-0.96662,0.067304
4.5575,0.70137,0.35717,1.5547,-0.19101,0.72973,-0.11325,-0.29838,-0.96662,0.067304
4.5661,0.69969,0.36345,1.5539,-0.19723,0.72973,-0.11483,-0.51967,-0.96662,0.067304
4.5737,0.69803,0.36951,1.553,-0.19723,0.72571,-0.11843,-0.51967,-0.81412,-0.10392
4.5825,0.69637,0.37569,1.5518,-0.2036,0.72253,-0.11843,-0.51967,-0.96662,-0.10392
4.5909,0.69453,0.38183,1.551,-0.20824,0.72099,-0.1215,-0.22311,-0.96662,-0.20342
4.5996,0.69296,0.38772,1.55,-0.21396,0.72099,-0.1215,-0.22311,-0.96662,-0.10392
4.6078,0.69124,0.39368,1.549,-0.21925,0.71926,-0.1215,-0.51967,-1.0647,-0.20342
4.6159,0.68929,0.39953,1.548,-0.21983,0.71529,-0.1221,-0.51967,-1.0647,-0.10392
4.6242,0.68731,0.4054,1.547,-0.22057,0.70411,-0.12234,-0.51967,-1.0647,-0.10392
4.6334,0.68546,0.411,1.546,-0.22451,0.69448,-0.12397,-0.51967,-1.0647,-0.10392
4.641,0.68335,0.4166,1.5449,-0.22836,0.68695,-0.12397,-0.22311,-1.298,-0.10392
4.6492,0.68146,0.42234,1.5438,-0.23245,0.67355,-0.12691,-0.22311,-1.298,-0.10392
4.6576,0.67972,0.42791,1.5426,-0.23634,0.65073,-0.12691,-0.22311,-1.1979,0.067304
4.6663,0.67779,0.43324,1.5416,-0.23834,0.63053,-0.13133,-0.51967,-1.0647,-0.10392
4.6734,0.67565,0.43835,1.5405,-0.24065,0.61779,-0.13603,-0.22311,-1.1979,0.067304
4.6825,0.67342,0.44379,1.5395,-0.24368,0.60668,-0.13838,-0.22311,-1.0647,-0.10392
4.6914,0.6714,0.44906,1.5382,-0.24653,0.60409,-0.13937,-0.081138,-1.1022,0.067304
4.6996,0.66944,0.45426,1.537,-0.24653,0.60262,-0.13937,-0.22311,-1.1022,0.067304
4.7075,0.66726,0.45925,1.5359,-0.2541,0.59834,-0.14094,-0.22311,-0.96662,0.20401
4.7159,0.66518,0.46434,1.5347,-0.26296,0.58984,-0.14273,-0.22311,-0.96662,0.067304
4.7242,0.66301,0.46916,1.5337,-0.26296,0.58201,-0.14304,-0.081138,-1.0999,0.067304
4.7326,0.66102,0.47369,1.5324,-0.26296,0.57458,-0.14304,-0.081138,-1.3354,0.067304
4.741,0.65868,0.47848,1.5314,-0.26876,0.57458,-0.14457,-0.081138,-1.3354,0.067304
4.7493,0.65642,0.48321,1.5302,-0.27437,0.56728,-0.14649,-0.0091516,-1.3354,0.067304
4.7579,0.65417,0.48786,1.5289,-0.27437,0.55368,-0.14457,-0.081138,-1.3354,-0.10392
4.7657,0.6519,0.49235,1.5276,-0.27585,0.54125,-0.14537,-0.0091516,-1.4955,0.067304
4.7736,0.64953,0.49654,1.5263,-0.27616,0.53447,-0.14664,-0.0091516,-1.3354,-0.10392
4.7829,0.6473,0.50093,1.5252,-0.28471,0.51721,-0.14781,0.070166,-1.3354,-0.10392
4.7911,0.64469,0.50502,1.524,-0.29474,0.50428,-0.1485,-0.0091516,-1.3354,-0.10392
4.7993,0.64208,0.50918,1.5227,-0.29748,0.48992,-0.1485,0.070166,-1.4955,-0.10392
4.8075,0.63966,0.51307,1.5214,-0.29894,0.47458,-0.15002,-0.0091516,-1.3354,-0.10392
4.8169,0.63721,0.51705,1.5203,-0.30183,0.47106,-0.15002,-0.0091516,-1.4685,-0.1671
4.8234,0.63484,0.52101,1.5189,-0.30595,0.45928,-0.15223,-0.081138,-1.4685,-0.1671
4.8324,0.63237,0.52463,1.5176,-0.30775,0.43971,-0.15357,-0.081138,-1.4685,-0.1671
4.8409,0.62969,0.52816,1.5164,-0.31084,0.42713,-0.15471,-0.081138,-1.3354,-0.1671
4.8498,0.62704,0.53165,1.5151,-0.31401,0.41875,-0.15471,-0.22311,-1.4685,-0.1671
4.8573,0.62424,0.5352,1.5138,-0.31615,0.40951,-0.15467,-0.081138,-1.3354,-0.1671
4.8662,0.62138,0.53839,1.5125,-0.31856,0.40412,-0.15596,-0.22311,-1.4685,-0.1671
4.8742,0.61886,0.54163,1.5111,-0.31999,0.39826,-0.15668,-0.081138,-1.4685,-0.09542
4.883,0.61615,0.54477,1.5099,-0.32614,0.37676,-0.15767,-0.22311,-1.4685,-0.09542
4.8898,0.61331,0.54784,1.5084,-0.33067,0.35897,-0.16036,-0.081138,-1.3354,-0.09542
4.8996,0.61033,0.55078,1.5071,-0.33303,0.33776,-0.16328,-0.081138,-1.4685,-0.09542
4.9086,0.60757,0.55354,1.5057,-0.33303,0.31231,-0.16328,-0.081138,-1.3354,0.067304
4.9154,0.60486,0.55649,1.5043,-0.34101,0.30345,-0.16588,-0.081138,-1.4685,-0.09542
4.9238,0.60211,0.55913,1.503,-0.35066,0.29825,-0.16717,-0.081138,-1.3354,-0.09542
4.9325,0.59923,0.56167,1.5015,-0.35066,0.2938,-0.16717,-0.081138,-1.4685,-0.1671
4.9413,0.59615,0.5643,1.5001,-0.35066,0.28251,-0.16868,-0.0091516,-1.4685,-0.09542
4.9493,0.59315,0.56647,1.4988,-0.35552,0.26718,-0.16868,-0.081138,-1.4685,-0.1671
4.9577,0.59012,0.56866,1.4974,-0.35837,0.25864,-0.16868,-0.22311,-1.4685,-0.22159
4.9658,0.58692,0.57075,1.4961,-0.35952,0.25095,-0.16868,-0.081138,-1.4685,-0.1671
4.9738,0.58381,0.5727,1.4946,-0.35952,0.23656,-0.16868,-0.22311,-1.4685,-0.22159
4.9827,0.58081,0.57461,1.4932,-0.36002,0.22722,-0.17185,-0.40349,-1.4685,-0.29656
4.9913,0.57775,0.57643,1.4916,-0.3692,0.22012,-0.17455,-0.22311,-1.3354,-0.29656
5.0001,0.57461,0.57821,1.49,-0.36696,0.2128,-0.17185,-0.22311,-1.4685,-0.29656
5.0072,0.57134,0.57982,1.4886,-0.37361,0.20648,-0.17455,-0.22311,-1.3354,-0.29656
5.017,0.56814,0.58112,1.4872,-0.37605,0.16861,-0.17608,-0.40349,-1.4685,-0.29656
5.0236,0.56488,0.58262,1.4857,-0.38531,0.13473,-0.17608,-0.22311,-1.5285,-0.29656
5.0329,0.56151,0.58377,1.4842,-0.39257,0.13283,-0.17761,-0.22311,-1.6301,-0.29656
5.0407,0.55836,0.58483,1.4826,-0.39428,0.13095,-0.17915,-0.22311,-1.5285,-0.29656
5.0497,0.55515,0.58599,1.4811,-0.396,0.12605,-0.18083,-0.081138,-1.4685,-0.35268
5.0575,0.55166,0.58702,1.4795,-0.40005,0.11338,-0.18085,-0.22311,-1.4685,-0.29656
5.0662,0.54819,0.58793,1.478,-0.40738,0.097813,-0.19045,-0.22311,-1.5285,-0.35268
5.0737,0.54465,0.58861,1.4764,-0.41281,0.080056,-0.1996,-0.22311,-1.5285,-0.29656
5.0829,0.54119,0.58907,1.4749,-0.43165,0.061929,-0.19994,-0.40349,-1.5285,-0.35268
5.092,0.53781,0.58969,1.4733,-0.43165,0.052131,-0.20074,-0.22311,-1.5285,-0.29656
5.0995,0.53429,0.5901,1.4717,-0.43165,0.03539,-0.20074,-0.22311,-1.5285,-0.35268
5.1082,0.53067,0.59029,1.4701,-0.43165,0.019925,-0.20074,-0.22311,-1.4685,-0.35268
5.1159,0.52713,0.59041,1.4686,-0.44418,0.016642,-0.20074,-0.22311,-1.5285,-0.35268
5.1245,0.52372,0.59057,1.4669,-0.45047,0.0071282,-0.20074,-0.22311,-1.5285,-0.35268
5.1322,0.52025,0.59056,1.4652,-0.45047,-0.013732,-0.20074,-0.40349,-1.5285,-0.52465
5.1412,0.51653,0.59028,1.4636,-0.4539,-0.028895,-0.20074,-0.40349,-1.4685,-0.52465
5.1495,0.51281,0.59006,1.4619,-0.4539,-0.03523,-0.20074,-0.40349,-1.5285,-0.35268
5.1579,0.50893,0.58973,1.4602,-0.4539,-0.052461,-0.20074,-0.40349,-1.4685,-0.35268
5.1659,0.50517,0.5892,1.4585,-0.45717,-0.068694,-0.20074,-0.40349,-1.5285,-0.52465
5.174,0.50133,0.58862,1.4568,-0.45893,-0.074793,-0.202,-0.40349,-1.4685,-0.52465
5.1836,0.4975,0.58787,1.4551,-0.45893,-0.092094,-0.202,-0.30737,-1.4685,-0.52465
5.1909,0.49363,0.58701,1.4534,-0.46325,-0.1124,-0.2049,-0.40349,-1.4685,-0.67592
5.1999,0.48968,0.58605,1.4516,-0.46895,-0.1191,-0.2049,-0.40349,-1.4685,-0.52465
5.2069,0.48583,0.58497,1.4499,-0.47101,-0.13375,-0.20898,-0.6172,-1.4685,-0.67592
5.2168,0.48197,0.58379,1.4482,-0.47326,-0.15078,-0.20898,-0.40349,-1.4685,-0.52465
5.2236,0.47788,0.5825,1.4464,-0.47326,-0.16765,-0.20898,-0.6172,-1.4685,-0.60843
5.2328,0.47387,0.58116,1.4446,-0.47505,-0.18166,-0.21284,-0.84462,-1.5285,-0.60843
5.2408,0.46983,0.5797,1.4428,-0.47541,-0.18456,-0.21782,-0.6172,-1.5285,-0.46361
5.2498,0.46561,0.57807,1.441,-0.47541,-0.19679,-0.21782,-0.84462,-1.5285,-0.60843
5.2578,0.46147,0.57633,1.4393,-0.4887,-0.21116,-0.2237,-0.99267,-1.5285,-0.60843
5.2665,0.45735,0.57454,1.4374,-0.50329,-0.2263,-0.22771,-0.84462,-1.5285,-0.60843
5.2744,0.45317,0.57262,1.4354,-0.50329,-0.2388,-0.22771,-0.6172,-1.4685,-0.46361
5.2834,0.44893,0.57049,1.4337,-0.50907,-0.24183,-0.23028,-0.84462,-1.4685,-0.60843
5.2921,0.4448,0.56834,1.4317,-0.50907,-0.24485,-0.23028,-0.6172,-1.4685,-0.60843
5.2988,0.44052,0.56606,1.4299,-0.51809,-0.26329,-0.23028,-0.6172,-1.3684,-0.46361
5.3081,0.43627,0.56381,1.428,-0.51809,-0.298,-0.23028,-0.6172,-1.23,-0.60843
5.3159,0.43199,0.56132,1.4261,-0.52306,-0.32655,-0.23338,-0.6172,-1.3684,-0.60843
5.3233,0.4276,0.55873,1.4241,-0.52513,-0.33992,-0.23744,-0.6172,-1.3631,-0.60843
5.3328,0.42314,0.55609,1.4222,-0.52747,-0.34675,-0.2404,-0.6172,-1.6031,-0.60843
5.3408,0.41872,0.55324,1.4202,-0.53531,-0.35387,-0.24136,-0.6172,-1.3631,-0.60843
5.3493,0.41441,0.55036,1.4182,-0.53531,-0.35854,-0.24136,-0.6172,-1.6031,-0.60843
5.3576,0.40988,0.54736,1.4163,-0.5427,-0.3673,-0.24136,-0.6172,-1.3631,-0.60843
5.3661,0.40542,0.54419,1.4142,-0.5427,-0.38275,-0.24136,-0.6172,-1.6031,-0.60843
5.374,0.40095,0.54094,1.4123,-0.54436,-0.39395,-0.24196,-0.84462,-1.7455,-0.67592
5.3827,0.39636,0.53752,1.4104,-0.5427,-0.40526,-0.24136,-0.84462,-1.8086,-0.60843
5.3914,0.39183,0.53407,1.4083,-0.54436,-0.41822,-0.24196,-0.84462,-1.7455,-0.60843
5.3996,0.38723,0.53061,1.4063,-0.55021,-0.424,-0.24196,-0.6172,-1.6439,-0.46361
5.4075,0.38258,0.52705,1.4043,-0.55021,-0.4277,-0.24196,-0.84462,-1.6439,-0.60843
5.416,0.37793,0.52333,1.4022,-0.55172,-0.43408,-0.2448,-0.84462,-1.6439,-0.46361
5.4243,0.37332,0.51958,1.4002,-0.55438,-0.44312,-0.2448,-0.6172,-1.3631,-0.35268
5.4336,0.3686,0.51562,1.398,-0.56041,-0.45233,-0.24715,-0.84462,-1.3631,-0.46361
5.4401,0.36381,0.51153,1.396,-0.56369,-0.47255,-0.2476,-0.6172,-1.3631,-0.35268
5.4496,0.35914,0.50742,1.394,-0.56701,-0.50011,-0.24826,-0.84462,-1.6385,-0.26922
5.4578,0.35438,0.50323,1.3919,-0.56701,-0.51458,-0.24967,-0.6172,-1.3631,-0.14149
5.4668,0.34959,0.49886,1.3898,-0.56885,-0.52925,-0.25146,-0.84462,-1.3631,-0.26922
5.4738,0.34482,0.49442,1.3877,-0.57533,-0.55124,-0.24967,-0.6172,-1.3631,-0.14149
5.4824,0.33995,0.48996,1.3855,-0.58066,-0.56811,-0.25112,-0.68753,-1.5001,-0.25211
5.4907,0.33508,0.48529,1.3834,-0.58066,-0.57507,-0.25112,-0.36398,-1.0631,0.026588
5.4994,0.3303,0.48058,1.3812,-0.58066,-0.59417,-0.25112,-0.36398,-1.5001,-0.25211
5.5073,0.32538,0.47576,1.3792,-0.58066,-0.61262,-0.25425,-0.36398,-1.5001,-0.25211
5.5159,0.32052,0.47085,1.3771,-0.58309,-0.61518,-0.25724,-0.36398,-1.5001,-0.25211
5.5245,0.31559,0.46586,1.3748,-0.58309,-0.61518,-0.25724,-0.36398,-1.5001,-0.25211
5.5324,0.3106,0.46081,1.3727,-0.58309,-0.62335,-0.25724,-0.36398,-1.5001,-0.25211
5.5408,0.30569,0.45563,1.3705,-0.58578,-0.63101,-0.25922,-0.36398,-1.5001,-0.25211
5.5493,0.30064,0.45032,1.3682,-0.58948,-0.63326,-0.26113,-0.36398,-1.5001,-0.25211
5.5579,0.2956,0.445,1.366,-0.58948,-0.63828,-0.26113,-0.80355,-1.8032,-0.46361
5.566,0.29055,0.43932,1.364,-0.59472,-0.6531,-0.26175,-0.36398,-1.5001,-0.25211
5.5735,0.28568,0.43372,1.3616,-0.598,-0.6686,-0.2627,-0.80355,-1.8032,-0.46361
5.5825,0.28064,0.428,1.3595,-0.598,-0.67643,-0.26361,-0.36398,-1.5001,-0.25211
5.591,0.27573,0.42225,1.3572,-0.598,-0.6893,-0.2658,-0.36398,-1.5001,0.026588
5.599,0.27067,0.41637,1.3549,-0.598,-0.69641,-0.2658,-0.16303,-1.0631,0.026588
5.6077,0.26551,0.41051,1.3527,-0.60074,-0.70843,-0.26976,-0.36398,-1.5001,-0.25211
5.6165,0.26037,0.40462,1.3504,-0.59829,-0.71795,-0.26976,-0.54499,-1.3386,0.026588
5.624,0.25523,0.39844,1.348,-0.60074,-0.72237,-0.2717,-0.54499,-1.3386,0.026588
5.6324,0.25012,0.39236,1.3457,-0.60228,-0.72867,-0.2735,-0.68805,-1.3442,-0.12387
5.641,0.24499,0.38623,1.3435,-0.60675,-0.73488,-0.27566,-0.41091,-0.90723,0.027101
5.6496,0.23984,0.37997,1.3411,-0.60675,-0.74257,-0.27944,-0.41091,-0.90723,0.027101
5.6574,0.23466,0.37355,1.3388,-0.60228,-0.75355,-0.27566,-0.41091,-0.90723,0.027101
5.6661,0.22952,0.36722,1.3364,-0.60675,-0.76982,-0.27944,-0.41091,-0.90723,0.027101
5.6736,0.22435,0.36075,1.3341,-0.61717,-0.7825,-0.28603,-0.41091,-0.90723,0.027101
5.683,0.2191,0.3542,1.3317,-0.61041,-0.80578,-0.27944,-0.41091,-0.90723,0.027101
5.6911,0.21391,0.34751,1.3293,-0.61717,-0.81901,-0.28677,-0.41091,-0.85635,0.18401
5.6998,0.20871,0.3408,1.3269,-0.61717,-0.82055,-0.29132,-0.41091,-0.85635,0.18401
5.7083,0.20351,0.33405,1.3245,-0.61717,-0.82055,-0.29112,-0.41091,-0.85635,0.18401
5.7161,0.19836,0.3273,1.3221,-0.61717,-0.82055,-0.29112,-0.68805,-0.90723,0.18401
5.7239,0.19314,0.32038,1.3197,-0.62353,-0.82487,-0.29172,-0.41091,-0.67975,0.18401
5.7324,0.18784,0.31343,1.3172,-0.62353,-0.82487,-0.29172,-0.16303,-0.35367,0.18401
5.7415,0.18266,0.30647,1.3148,-0.62353,-0.83702,-0.29172,-0.41091,-0.67975,0.14542
5.7493,0.17739,0.29942,1.3124,-0.62353,-0.83702,-0.29172,-0.16303,-0.35367,0.18401
5.7575,0.1722,0.29227,1.3099,-0.62353,-0.83702,-0.29172,-0.41091,-0.67975,0.14542
5.7661,0.16692,0.28516,1.3075,-0.62353,-0.83702,-0.29172,-0.16303,-0.35367,0.14542
5.7741,0.16158,0.27802,1.305,-0.62353,-0.8526,-0.29303,-0.41091,-0.67975,0.087991
5.7827,0.15634,0.27072,1.3025,-0.62353,-0.86192,-0.29517,-0.41091,-0.67975,0.087991
5.7911,0.1511,0.2635,1.3,-0.62879,-0.86835,-0.30071,-0.41091,-0.67975,0.087991
5.8004,0.14587,0.25614,1.2975,-0.62353,-0.86647,-0.29517,-0.16303,-0.67975,0.087991
5.8067,0.14061,0.2487,1.295,-0.61881,-0.8526,-0.29303,-0.41091,-0.90723,-0.030326
5.8158,0.13541,0.24137,1.2925,-0.61898,-0.86647,-0.29517,-0.16303,-0.67975,-0.030326
5.824,0.13018,0.23399,1.29,-0.61898,-0.87559,-0.29517,-0.16303,-0.67975,-0.030326
5.8333,0.12492,0.22647,1.2874,-0.61898,-0.87559,-0.29517,-0.16303,-0.67975,-0.030326
5.8404,0.11968,0.219,1.2849,-0.61898,-0.88107,-0.29517,-0.16303,-0.67975,-0.030326
5.8496,0.11447,0.21152,1.2824,-0.62328,-0.88793,-0.29517,-0.30608,-0.90723,-0.030326
5.8578,0.10924,0.20394,1.2798,-0.61856,-0.88793,-0.29492,-0.0078758,-0.67975,0.087991
5.8663,0.10398,0.19637,1.2773,-0.62328,-0.89395,-0.29556,-0.30608,-0.90723,-0.030326
5.8736,0.098708,0.18884,1.2748,-0.62481,-0.8985,-0.29705,-0.0078758,-0.67975,0.087991
5.8832,0.093531,0.18118,1.2723,-0.62689,-0.90826,-0.2992,-0.30608,-0.90723,-0.030326
5.8922,0.088199,0.1736,1.2698,-0.62689,-0.90826,-0.2992,-0.0078758,-0.67975,0.087991
5.8993,0.082861,0.16602,1.2673,-0.62689,-0.90826,-0.2992,-0.0078758,-0.67975,0.087991
5.908,0.077629,0.15841,1.2648,-0.62689,-0.91909,-0.2992,-0.0078758,-0.67975,0.087991
5.9158,0.072372,0.1508,1.2623,-0.62689,-0.91909,-0.2992,-0.0078758,-0.67975,0.087991
5.924,0.067194,0.14312,1.2598,-0.62689,-0.91909,-0.2992,0.25656,-0.29182,0.14542
5.9326,0.061883,0.13551,1.2574,-0.62689,-0.91909,-0.2992,-0.0078758,-0.67975,0.087991
5.9411,0.056663,0.12788,1.2548,-0.62689,-0.92083,-0.2992,-0.0078758,-0.67975,0.087991
5.9494,0.051485,0.12023,1.2524,-0.62689,-0.92083,-0.2992,-0.0078758,-0.67975,0.087991
5.9576,0.046245,0.11266,1.2499,-0.62689,-0.92083,-0.2992,-0.30608,-0.90723,-0.030326
5.9657,0.041053,0.10494,1.2474,-0.62689,-0.92083,-0.2992,-0.25576,-0.90723,-0.030326
5.9737,0.035886,0.097259,1.2449,-0.63029,-0.92859,-0.30057,-0.25576,-0.68538,-0.030326
5.9833,0.030766,0.089618,1.2424,-0.62689,-0.9284,-0.30005,-0.25576,-0.68538,-0.030326
5.9911,0.025533,0.081995,1.2399,-0.62689,-0.9284,-0.30005,-0.25576,-0.68538,-0.030326
6.0004,0.020381,0.074331,1.2374,-0.62689,-0.9284,-0.30005,-0.25576,-0.68538,-0.030326
6.0073,0.015203,0.066646,1.2349,-0.62637,-0.92083,-0.29952,-0.57277,-0.68538,-0.030326
6.0166,0.009967,0.05898,1.2325,-0.62832,-0.92724,-0.30005,-0.25576,-0.68538,-0.030326
6.0237,0.004832,0.051306,1.2299,-0.62832,-0.92724,-0.30005,-0.25576,-0.68538,-0.13908
6.0333,-0.00034255,0.043564,1.2274,-0.63023,-0.92942,-0.30024,-0.25576,-0.68538,-0.13908
6.0403,-0.0055496,0.03585,1.2249,-0.63023,-0.93774,-0.30412,0.13219,-0.13489,-0.030326
6.0499,-0.010778,0.028053,1.2224,-0.62793,-0.92942,-0.30024,0.13219,-0.13489,-0.13908
6.058,-0.016004,0.020262,1.2198,-0.62478,-0.927,-0.29998,0.13219,-0.13489,-0.13908
6.0663,-0.021226,0.012499,1.2173,-0.62793,-0.92942,-0.30024,-0.25576,-0.68538,-0.17095
6.0747,-0.02645,0.0048292,1.2148,-0.62478,-0.927,-0.29998,0.13219,-0.13489,-0.13908
6.0823,-0.031705,-0.0029834,1.2123,-0.62478,-0.927,-0.29998,-0.25576,-0.68538,-0.17095
6.0911,-0.036984,-0.010735,1.2098,-0.62478,-0.927,-0.29998,-0.25576,-0.68538,-0.17095
6.0994,-0.042208,-0.018434,1.2073,-0.62478,-0.927,-0.29998,-0.25576,-0.68538,-0.17095
6.1079,-0.047478,-0.026256,1.2047,-0.62478,-0.927,-0.29998,-0.25576,-0.68538,-0.17095
6.1161,-0.052651,-0.034009,1.2022,-0.62478,-0.927,-0.29998,-0.25576,-0.68538,-0.38412
6.1237,-0.057911,-0.041654,1.1997,-0.62478,-0.927,-0.29998,-0.25576,-0.68538,-0.38412
6.1325,-0.063175,-0.049322,1.1971,-0.62478,-0.927,-0.29998,0.13219,-0.13489,-0.17095
6.1412,-0.068353,-0.057119,1.1946,-0.62478,-0.927,-0.29998,0.097807,-0.68538,-0.38412
6.1491,-0.073615,-0.06484,1.192,-0.62281,-0.92012,-0.2995,0.18755,-0.13489,-0.17095
6.1575,-0.078779,-0.07253,1.1896,-0.62674,-0.927,-0.30022,0.097807,-0.42432,-0.38412
6.1668,-0.084102,-0.080217,1.1871,-0.6188,-0.92012,-0.29683,0.18755,-0.10131,-0.17095
6.1737,-0.089357,-0.087874,1.1845,-0.62674,-0.92012,-0.30022,0.097807,-0.42432,-0.38412
6.1826,-0.094511,-0.095493,1.1819,-0.6188,-0.91243,-0.29683,0.18755,-0.10131,-0.23131
6.1909,-0.099745,-0.10318,1.1794,-0.62229,-0.91243,-0.29984,0.18755,-0.10131,-0.23131
6.2,-0.10491,-0.11085,1.1769,-0.61223,-0.90345,-0.29206,0.18755,-0.10131,-0.23131
6.2072,-0.11013,-0.11851,1.1743,-0.60949,-0.89122,-0.29206,0.18755,-0.10131,-0.42033
6.2161,-0.11538,-0.12598,1.1718,-0.61223,-0.90345,-0.29542,0.18755,-0.10131,-0.42033
6.2241,-0.12053,-0.13366,1.1692,-0.61223,-0.89814,-0.29542,0.3463,0.24181,-0.23131
6.2333,-0.12574,-0.14129,1.1667,-0.60949,-0.88393,-0.29091,0.18755,-0.10131,-0.42033
6.2409,-0.13103,-0.14877,1.1642,-0.60949,-0.88393,-0.29263,0.3463,0.24181,-0.23131
6.2495,-0.13623,-0.15631,1.1617,-0.60949,-0.88393,-0.29263,0.18755,-0.10131,-0.42033
6.2578,-0.14147,-0.16384,1.1592,-0.60701,-0.87941,-0.28846,0.18755,-0.10131,-0.42033
6.2663,-0.14666,-0.17137,1.1568,-0.60701,-0.87941,-0.28846,0.097807,-0.10131,-0.42033
6.2739,-0.1518,-0.17882,1.1543,-0.60431,-0.86764,-0.28846,0.18755,0.24181,-0.23131
6.2832,-0.15705,-0.18619,1.1518,-0.60431,-0.86764,-0.28999,0.18755,-0.10131,-0.42033
6.2916,-0.16214,-0.19358,1.1493,-0.60431,-0.86764,-0.28999,0.3463,0.24181,-0.23131
6.2991,-0.1673,-0.20097,1.1468,-0.60431,-0.86764,-0.28999,0.3463,0.24181,-0.42033
6.3077,-0.17239,-0.20816,1.1445,-0.60431,-0.86764,-0.28999,0.3463,0.24181,-0.42033
6.3165,-0.17744,-0.21541,1.142,-0.60431,-0.86764,-0.28999,0.3463,0.24181,-0.23131
6.3237,-0.1825,-0.22264,1.1395,-0.60288,-0.85453,-0.28879,0.18755,-0.10131,-0.42033
6.3326,-0.18759,-0.22976,1.1371,-0.60037,-0.84192,-0.28879,0.3463,0.24181,-0.23131
6.3409,-0.19257,-0.23685,1.1347,-0.60037,-0.84192,-0.28879,0.3463,0.24181,-0.23131
6.3494,-0.1977,-0.24379,1.1324,-0.5968,-0.83148,-0.28879,0.6049,0.5346,-0.17095
6.3576,-0.20259,-0.25084,1.13,-0.59458,-0.82893,-0.28725,0.3463,0.24181,-0.23131
6.3659,-0.20753,-0.25778,1.1275,-0.59458,-0.82893,-0.28725,0.6049,0.5346,-0.17095
6.3736,-0.21257,-0.26461,1.1252,-0.59458,-0.827,-0.28725,0.3463,0.5346,-0.17095
6.3835,-0.21755,-0.27149,1.1228,-0.59058,-0.82148,-0.28317,0.3463,0.5346,-0.17095
6.3907,-0.22244,-0.2783,1.1205,-0.58834,-0.81677,-0.28317,0.3463,0.5346,-0.17095
6.3993,-0.22745,-0.28501,1.1181,-0.58834,-0.81173,-0.27992,0.18755,0.24181,-0.17095
6.4074,-0.23233,-0.29163,1.1158,-0.57952,-0.79438,-0.27714,0.48054,0.5346,-0.13522
6.4163,-0.23717,-0.29833,1.1134,-0.57906,-0.77418,-0.27714,0.18755,0.24181,-0.17095
6.4239,-0.24218,-0.30491,1.1111,-0.57437,-0.7603,-0.27329,0.48054,0.5346,-0.13522
6.4326,-0.24702,-0.31136,1.1088,-0.57437,-0.74853,-0.27329,0.18755,0.4809,-0.17095
6.441,-0.25184,-0.31779,1.1065,-0.57129,-0.74272,-0.27329,0.48054,1.7577,-0.13522
6.4496,-0.25673,-0.32402,1.1043,-0.56829,-0.73664,-0.27054,0.48054,1.7577,-0.13522
6.4576,-0.26149,-0.33056,1.1019,-0.56733,-0.73039,-0.26851,0.48054,1.7577,-0.13522
6.4659,-0.2663,-0.33668,1.0997,-0.56733,-0.73039,-0.26851,0.48054,2.6906,-0.15137
6.4743,-0.27104,-0.34272,1.0975,-0.56613,-0.72717,-0.26851,0.75585,2.6906,0.23687
6.4825,-0.27572,-0.34884,1.0952,-0.56406,-0.72293,-0.26678,0.48054,2.0999,-0.15137
6.491,-0.28041,-0.3548,1.093,-0.56406,-0.72293,-0.26678,0.48054,1.2635,-0.23131
6.4993,-0.28505,-0.36064,1.0908,-0.56406,-0.71464,-0.26678,0.75585,2.0999,-0.15137
6.508,-0.28969,-0.36653,1.0886,-0.56115,-0.70612,-0.26435,0.48054,1.2635,-0.23131
6.5159,-0.2943,-0.37229,1.0864,-0.56115,-0.70272,-0.26433,0.75585,2.0999,-0.15137
6.5239,-0.29883,-0.37796,1.0841,-0.56115,-0.70272,-0.26433,0.48054,1.2635,-0.23131
6.5326,-0.30344,-0.38351,1.0819,-0.55582,-0.68919,-0.26433,0.75585,2.0999,-0.15137
6.541,-0.30799,-0.389,1.0798,-0.55582,-0.66935,-0.26423,0.48054,1.2635,-0.23131
6.5495,-0.31243,-0.39445,1.0775,-0.54987,-0.65712,-0.26198,0.75585,2.0999,-0.15137
6.5576,-0.31697,-0.39972,1.0752,-0.54987,-0.6443,-0.26366,0.48054,1.2635,-0.23131
6.5669,-0.32154,-0.40487,1.0731,-0.54059,-0.63451,-0.26133,0.75585,1.2635,-0.15137
6.5734,-0.32592,-0.41033,1.0709,-0.53286,-0.62991,-0.25814,0.48054,1.2635,-0.23131
6.5827,-0.33029,-0.41551,1.0688,-0.53286,-0.62012,-0.25814,0.75585,1.7941,-0.15137
6.591,-0.33471,-0.4206,1.0667,-0.52943,-0.60077,-0.26002,0.75585,1.7941,-0.15137
6.6006,-0.3391,-0.42563,1.0644,-0.52498,-0.58189,-0.25568,0.75585,1.7941,-0.15137
6.6074,-0.3435,-0.43055,1.0622,-0.5206,-0.56482,-0.24982,0.75585,1.7941,-0.15137
6.6164,-0.34791,-0.43544,1.0601,-0.51565,-0.55285,-0.2533,0.75585,1.7941,-0.15137
6.624,-0.35232,-0.44022,1.0581,-0.50857,-0.54858,-0.25018,0.85049,2.1051,0.23687
6.6331,-0.35652,-0.44507,1.0559,-0.50246,-0.54025,-0.2463,0.75585,2.1051,-0.15137
6.6408,-0.36098,-0.44961,1.0538,-0.50193,-0.53427,-0.2463,0.75585,2.2932,0.23687
6.6497,-0.36521,-0.45417,1.0517,-0.50193,-0.52981,-0.2463,0.75585,2.2932,0.23687
6.6583,-0.36953,-0.45865,1.0497,-0.49818,-0.52285,-0.24375,0.75585,2.2932,0.23687
6.6658,-0.37369,-0.46299,1.0476,-0.49818,-0.51705,-0.24375,0.85049,2.2932,0.59762
6.6738,-0.37788,-0.46725,1.0456,-0.49818,-0.51191,-0.24375,0.85049,2.1051,0.23687
6.6821,-0.38202,-0.47132,1.0435,-0.49818,-0.50211,-0.24375,1.0972,2.1051,0.59762
6.6912,-0.38626,-0.47533,1.0415,-0.49818,-0.49043,-0.24375,1.0972,2.1051,0.59762
6.6991,-0.39033,-0.47937,1.0395,-0.49818,-0.471,-0.24375,1.5592,2.1051,0.60743
6.7076,-0.39444,-0.48316,1.0374,-0.49818,-0.45324,-0.24375,1.0972,1.9628,0.59762
6.716,-0.3986,-0.48672,1.0354,-0.49818,-0.44968,-0.2414,1.5592,1.9628,0.60743
6.7238,-0.40256,-0.49055,1.0334,-0.49101,-0.44415,-0.23752,1.0972,1.9628,0.59762
6.7326,-0.40655,-0.49413,1.0314,-0.49101,-0.43169,-0.23599,1.0972,2.1051,0.60743
6.7412,-0.41056,-0.49761,1.0295,-0.47887,-0.41681,-0.2315,1.0972,1.9628,0.59762
6.7504,-0.41458,-0.50095,1.0275,-0.46985,-0.40761,-0.22811,1.0972,2.1051,0.60743
6.7574,-0.41839,-0.50412,1.0256,-0.46706,-0.39235,-0.22538,1.0972,1.9628,0.59762
6.7666,-0.42241,-0.50746,1.0237,-0.46706,-0.37057,-0.22538,1.0972,2.1051,0.59762
6.7737,-0.42626,-0.51067,1.0217,-0.46706,-0.36128,-0.2246,1.3165,1.9628,0.53335
6.7833,-0.43014,-0.51359,1.0199,-0.46706,-0.35073,-0.2223,1.5473,1.9628,0.58204
6.7907,-0.43405,-0.51636,1.018,-0.46016,-0.33037,-0.22117,1.3165,1.9628,0.52602
6.7995,-0.43779,-0.51938,1.0162,-0.46016,-0.31281,-0.22117,1.5473,1.9628,0.52602
6.8077,-0.4416,-0.522,1.0143,-0.45395,-0.30472,-0.21837,1.5473,1.9628,0.59029
6.8163,-0.44535,-0.52465,1.0125,-0.44515,-0.30166,-0.21598,1.3165,1.9628,0.52602
6.8245,-0.44917,-0.52709,1.0107,-0.43456,-0.29601,-0.21446,1.5473,1.9628,0.59029
6.8326,-0.45286,-0.52946,1.009,-0.43429,-0.28324,-0.21204,1.3165,1.9628,0.52602
6.8418,-0.45654,-0.53172,1.0072,-0.42918,-0.27231,-0.20985,1.5473,1.9628,0.59029
6.8491,-0.46018,-0.53368,1.0053,-0.42469,-0.25782,-0.20881,1.3165,1.9628,0.59029
6.8582,-0.46375,-0.53583,1.0036,-0.42339,-0.23999,-0.20566,1.0463,1.8603,0.52602
6.8658,-0.46735,-0.5379,1.0019,-0.42339,-0.23063,-0.20566,1.0463,1.9628,0.52602
6.875,-0.47083,-0.53976,1.0002,-0.42339,-0.21393,-0.20566,1.0463,1.8603,0.59029
6.8825,-0.47435,-0.54146,0.99846,-0.42202,-0.19209,-0.20566,1.0463,1.9628,0.59029
6.8913,-0.47779,-0.54308,0.99676,-0.42202,-0.18273,-0.2044,1.0463,1.8603,0.59029
6.8993,-0.48118,-0.5445,0.99504,-0.41623,-0.18079,-0.20144,1.0463,1.9628,0.59029
6.9078,-0.48456,-0.54606,0.99338,-0.40607,-0.17277,-0.19629,1.0463,1.8603,0.59029
6.9158,-0.48791,-0.54738,0.99175,-0.39814,-0.15751,-0.19397,1.0463,1.8663,0.60743
6.9239,-0.49127,-0.54859,0.99013,-0.39383,-0.14296,-0.19391,0.60565,1.8663,0.59029
6.9328,-0.49455,-0.54972,0.98849,-0.39217,-0.13221,-0.19391,0.60565,1.8663,0.59029
6.9407,-0.49784,-0.5508,0.98689,-0.39184,-0.12552,-0.19391,0.60565,1.8285,0.59029
6.9507,-0.50102,-0.55152,0.98526,-0.38699,-0.10756,-0.19359,0.60565,1.8663,0.59029
6.9575,-0.50431,-0.55236,0.98371,-0.38699,-0.081597,-0.19359,0.11452,1.8663,0.52602
6.9667,-0.50749,-0.5532,0.98214,-0.38699,-0.071339,-0.19178,0.60565,1.8663,0.52602
6.974,-0.51069,-0.55372,0.98065,-0.37654,-0.064164,-0.1868,0.32306,1.8285,0.52602
6.9831,-0.51382,-0.55414,0.97915,-0.36785,-0.051918,-0.17714,0.32306,1.8663,0.52602
6.991,-0.51688,-0.5546,0.9776,-0.36152,-0.03866,-0.1708,0.60565,1.8663,0.59029
6.9996,-0.52004,-0.55486,0.97614,-0.35519,-0.023147,-0.17031,0.32306,1.8663,0.52602
7.0084,-0.52312,-0.555,0.97472,-0.35266,-0.013966,-0.16754,0.32306,1.8285,0.52602
7.0159,-0.5261,-0.55509,0.97322,-0.348,-0.0044897,-0.16441,0.1077,1.8285,0.34327
7.0246,-0.52903,-0.55506,0.97179,-0.34431,0.017364,-0.16355,0.32306,1.8285,0.52602
7.033,-0.532,-0.5548,0.97036,-0.34431,0.031563,-0.16355,0.1077,1.8285,0.34327
7.0419,-0.53492,-0.55439,0.96894,-0.34055,0.039389,-0.1631,0.32306,1.7988,0.34327
7.0488,-0.53789,-0.55416,0.96761,-0.33616,0.046716,-0.1618,0.32306,1.8285,0.34327
7.0577,-0.54074,-0.55375,0.96628,-0.33395,0.057711,-0.16008,0.32306,1.7988,0.34327
7.0661,-0.54354,-0.55317,0.9649,-0.33196,0.077457,-0.15808,0.32306,1.8285,0.34327
7.0742,-0.54641,-0.55248,0.96364,-0.33134,0.086971,-0.15415,0.32306,1.7988,0.18114
7.0825,-0.54911,-0.55175,0.96232,-0.32841,0.099592,-0.15108,0.32306,1.8285,0.18114
7.0908,-0.55188,-0.55076,0.96106,-0.32841,0.11479,-0.15072,0.32306,1.7988,0.18114
7.0993,-0.55457,-0.54982,0.95979,-0.32541,0.1315,-0.1503,0.32306,1.7988,0.34327
7.1076,-0.55735,-0.54862,0.95853,-0.32356,0.14536,-0.14969,0.11356,1.7988,0.18114
7.1157,-0.55999,-0.54739,0.95733,-0.3195,0.14801,-0.14849,0.13542,1.8285,0.2991
7.1242,-0.56261,-0.54615,0.95612,-0.3195,0.16468,-0.14849,0.13542,1.7988,0.2991
7.1326,-0.56523,-0.54466,0.95489,-0.31664,0.18236,-0.14749,0.32306,1.7462,0.2991
7.1413,-0.56778,-0.54303,0.95371,-0.31515,0.18608,-0.14584,0.13542,1.7988,0.18114
7.1496,-0.57039,-0.54149,0.95264,-0.31161,0.19247,-0.14341,0.13542,1.7988,0.2991
7.1576,-0.57288,-0.5397,0.95148,-0.30821,0.21026,-0.13895,0.13542,1.7988,0.33971
7.1668,-0.5754,-0.53789,0.95039,-0.30711,0.2224,-0.13219,-0.067268,1.7988,0.24981
7.1737,-0.57792,-0.53597,0.94934,-0.2992,0.23834,-0.12522,0.13542,1.7988,0.24981
7.1828,-0.58033,-0.53395,0.94827,-0.28769,0.25666,-0.12065,-0.067268,1.7462,0.24981
7.1914,-0.58274,-0.53173,0.94723,-0.28259,0.26761,-0.12065,0.13542,1.7462,0.33971
7.1999,-0.58513,-0.52955,0.94621,-0.28105,0.27676,-0.11976,-0.067268,1.7462,0.24981
7.2067,-0.58745,-0.52721,0.94512,-0.28034,0.28165,-0.11872,0.13542,1.7462,0.33971
7.216,-0.58988,-0.52462,0.94421,-0.27927,0.3033,-0.11772,-0.067268,1.7462,0.24981
7.2237,-0.59225,-0.52205,0.9433,-0.27743,0.32663,-0.11747,0.13542,1.7462,0.29995
7.2328,-0.59443,-0.51944,0.9423,-0.27271,0.33469,-0.11446,-0.067268,1.7988,0.29995
7.2408,-0.59667,-0.51661,0.94136,-0.26755,0.3434,-0.11082,0.13542,1.7462,0.29995
7.2495,-0.59892,-0.51381,0.94043,-0.26485,0.35133,-0.1085,-0.067268,1.7462,0.24981
7.2582,-0.60122,-0.51085,0.93962,-0.26255,0.35534,-0.1047,-0.067268,1.6863,0.24981
7.266,-0.60339,-0.50768,0.93876,-0.26063,0.37461,-0.10243,-0.067268,1.7462,0.24981
7.2734,-0.60545,-0.50459,0.93784,-0.26063,0.3965,-0.10243,-0.067268,1.6863,0.24981
7.2824,-0.60757,-0.50141,0.93701,-0.25903,0.40524,-0.10003,-0.067268,1.7462,0.24981
7.291,-0.60973,-0.49802,0.9362,-0.25345,0.41439,-0.095454,-0.067268,1.6863,0.24981
7.2989,-0.61185,-0.49459,0.9354,-0.24431,0.42008,-0.093036,-0.036398,1.6863,0.29995
7.3071,-0.61382,-0.49115,0.93456,-0.24431,0.42047,-0.092615,-0.067268,1.6863,0.24981
7.3155,-0.6158,-0.48755,0.9338,-0.24431,0.42527,-0.092158,-0.036398,1.6863,0.29995
7.3234,-0.6179,-0.48381,0.93306,-0.23856,0.43217,-0.091111,-0.067268,1.6863,0.24981
7.3324,-0.61985,-0.48007,0.93228,-0.23634,0.442,-0.088764,-0.067268,1.6017,0.24981
7.3406,-0.62176,-0.47614,0.93157,-0.23392,0.45067,-0.087155,-0.036398,1.6017,0.29995
7.3504,-0.6237,-0.4722,0.93086,-0.23163,0.4604,-0.086563,-0.067268,1.5306,0.24981
7.3564,-0.62555,-0.46821,0.93017,-0.2249,0.47413,-0.084131,-0.067268,1.5306,0.29995
7.3658,-0.62744,-0.46398,0.92949,-0.21536,0.48791,-0.080844,-0.067268,1.4777,0.24981
7.3738,-0.62928,-0.45969,0.92884,-0.21134,0.51727,-0.076217,-0.067268,1.5306,0.24981
7.3834,-0.63109,-0.45535,0.92821,-0.20704,0.54248,-0.072342,-0.067268,1.5306,0.24981
7.3905,-0.6329,-0.45086,0.9276,-0.2025,0.54742,-0.070774,-0.036398,1.4777,0.24981
7.3991,-0.63462,-0.44656,0.92691,-0.20045,0.54938,-0.067832,-0.036398,1.4777,0.24981
7.4076,-0.63642,-0.44193,0.9264,-0.19879,0.55552,-0.065553,-0.036398,1.4777,0.29995
7.4162,-0.63816,-0.43724,0.92586,-0.19833,0.57925,-0.064949,-0.036398,1.4777,0.29995
7.4239,-0.63979,-0.43257,0.92532,-0.19782,0.60087,-0.064104,-0.036398,1.4777,0.29995
7.4328,-0.64145,-0.42769,0.92474,-0.19779,0.60798,-0.063156,-0.036398,1.4777,0.29995
7.4415,-0.64317,-0.42282,0.92425,-0.19329,0.60798,-0.06173,-0.036398,1.4777,0.27789
7.4495,-0.64476,-0.4179,0.92373,-0.18882,0.61327,-0.059467,-0.067268,1.5306,0.27789
7.4575,-0.64634,-0.41276,0.92323,-0.18807,0.61445,-0.058252,-0.036398,1.4777,0.27789
7.4658,-0.64787,-0.40778,0.92277,-0.18606,0.62339,-0.057206,-0.067268,1.5306,0.24783
7.4741,-0.64934,-0.40271,0.92229,-0.18333,0.62339,-0.055448,-0.036398,1.5306,0.21975
7.4825,-0.65087,-0.39738,0.9218,-0.18021,0.62339,-0.052504,-0.067268,1.5306,0.21975
7.4906,-0.65241,-0.39214,0.92142,-0.18014,0.63406,-0.049968,-0.067268,1.5306,0.21975
7.4995,-0.65388,-0.38668,0.92102,-0.17815,0.63995,-0.048306,-0.067268,1.5306,0.21975
7.5075,-0.6553,-0.38121,0.92062,-0.17756,0.6438,-0.045708,-0.067268,1.5306,0.21975
7.5154,-0.65665,-0.37579,0.92023,-0.17569,0.64441,-0.043822,-0.036398,1.4777,0.21975
7.5239,-0.65813,-0.3702,0.91986,-0.17569,0.65083,-0.042519,-0.067268,1.5306,0.21407
7.5328,-0.65949,-0.36454,0.91956,-0.17258,0.65083,-0.040679,-0.036398,1.4777,0.24783
7.5402,-0.66081,-0.35885,0.91925,-0.16766,0.66425,-0.037272,-0.067268,1.5306,0.21407
7.5493,-0.66215,-0.35298,0.91894,-0.16366,0.675,-0.034512,-0.036398,1.4777,0.24783
7.5573,-0.66346,-0.34716,0.91866,-0.15796,0.6787,-0.034013,-0.067268,1.5306,0.24783
7.567,-0.66471,-0.34125,0.91835,-0.15,0.6823,-0.032997,-0.036398,1.4777,0.24783
7.5739,-0.66596,-0.33527,0.91815,-0.14601,0.68591,-0.030908,-0.036398,1.5306,0.21407
7.5828,-0.6672,-0.32926,0.9179,-0.14304,0.6954,-0.029239,0.0067998,1.5306,0.14382
7.591,-0.66836,-0.32314,0.91765,-0.14029,0.71481,-0.028518,0.17862,1.4777,0.14382
7.6001,-0.66952,-0.31703,0.91746,-0.1359,0.73447,-0.025741,0.29673,1.4777,0.21407
7.6065,-0.67069,-0.31094,0.9172,-0.13137,0.75373,-0.022739,0.29673,1.4777,0.14382
7.6163,-0.67179,-0.30466,0.91704,-0.12967,0.76395,-0.021813,0.29673,1.4777,0.21407
