0,0.97417,0.29947,0.99271,-0.31046,0.96052,0.010548,-0.9516,-0.48286,0.0228
0.0097582,0.97146,0.30759,0.99287,-0.31539,0.96052,0.011386,-1.0181,-0.48286,0.0228
0.017172,0.96889,0.3156,0.99295,-0.31961,0.95244,0.012171,-0.9516,-0.48286,0.030535
0.02587,0.96644,0.32353,0.99295,-0.32106,0.93622,0.013266,-0.9516,-0.51152,0.0228
0.034239,0.96383,0.33158,0.99302,-0.32499,0.91822,0.013266,-0.9516,-0.48286,0.0228
0.04261,0.96114,0.33951,0.9931,-0.33102,0.93622,0.014289,-0.9516,-0.48286,0.0228
0.050445,0.95824,0.34747,0.99321,-0.33731,0.91822,0.013266,-0.9516,-0.43962,0.0228
0.059329,0.9554,0.35543,0.99335,-0.35095,0.93622,0.013729,-0.9516,-0.48286,0.0228
0.068035,0.95255,0.36327,0.99338,-0.35751,0.93622,0.013181,-0.9516,-0.43962,0.020189
0.075759,0.94897,0.37131,0.99367,-0.36176,0.92859,0.012635,-0.9516,-0.43962,0.024069
0.085133,0.94555,0.3792,0.99392,-0.36728,0.92477,0.012635,-1.0181,-0.43962,0.030386
0.091949,0.94221,0.38691,0.99406,-0.37148,0.92477,0.010516,-0.9516,-0.48286,0.024069
0.1007,0.93877,0.39457,0.99425,-0.3758,0.92477,0.011525,-1.0181,-0.48286,0.030386
0.10919,0.93535,0.40221,0.99439,-0.38592,0.92113,0.013729,-0.9516,-0.48286,0.024069
0.11839,0.93208,0.41,0.99445,-0.39806,0.90176,0.01452,-0.9516,-0.51152,0.030386
0.12518,0.92873,0.41779,0.99459,-0.41237,0.89967,0.01452,-0.9516,-0.48286,0.030386
0.13459,0.92534,0.42548,0.99463,-0.42415,0.89967,0.01535,-0.9516,-0.51152,0.024069
0.14256,0.92194,0.43322,0.99474,-0.43674,0.89967,0.014435,-0.9516,-0.51152,0.030386
0.15021,0.91853,0.4409,0.9948,-0.45008,0.89114,0.01535,-0.9516,-0.59951,0.024069
0.15901,0.91525,0.44859,0.99483,-0.45008,0.87954,0.015279,-0.9516,-0.51152,0.024069
0.16714,0.91182,0.45622,0.99485,-0.46374,0.89114,0.014435,-0.9516,-0.59951,0.020189
0.17707,0.90806,0.46375,0.99492,-0.46374,0.88272,0.014435,-1.0181,-0.59951,0.024069
0.18379,0.9042,0.47133,0.99508,-0.47387,0.88272,0.012957,-0.9516,-0.59951,0.030386
0.19208,0.9002,0.47882,0.9952,-0.47448,0.88272,0.012957,-1.0181,-0.59951,0.024069
0.20055,0.89619,0.4863,0.99533,-0.47828,0.88272,0.014435,-0.9516,-0.59951,0.024069
0.20943,0.89217,0.49377,0.99544,-0.47828,0.88051,0.013814,-1.0181,-0.59951,0.024069
0.21673,0.88802,0.50119,0.99556,-0.4843,0.88051,0.014605,-0.9516,-0.72089,0.020189
0.2255,0.88387,0.50852,0.99564,-0.50294,0.87602,0.015279,-1.0181,-0.77369,0.024069
0.23414,0.87966,0.51593,0.99579,-0.52677,0.87022,0.015403,-1.0181,-0.72089,0.030386
0.24258,0.87528,0.52325,0.99592,-0.54216,0.87293,0.015553,-1.0181,-0.77369,0.024069
0.25051,0.87092,0.53052,0.99601,-0.54812,0.8624,0.015807,-1.0181,-0.72089,0.024069
0.25876,0.86651,0.5378,0.99616,-0.55536,0.87293,0.016067,-1.0181,-0.77369,0.024069
0.26835,0.86196,0.54504,0.99625,-0.55536,0.8624,0.016067,-1.0181,-0.72089,0.020189
0.27584,0.8574,0.55226,0.99642,-0.56392,0.85725,0.016067,-1.0181,-0.77369,0.020189
0.28399,0.85282,0.55942,0.99657,-0.56689,0.85675,0.016404,-1.0181,-0.72089,0.020189
0.29232,0.8481,0.56656,0.99669,-0.5672,0.85675,0.017137,-0.9516,-0.72089,0.0077483
0.30067,0.8433,0.57366,0.99684,-0.5712,0.85348,0.017137,-1.0181,-0.72089,0.0077483
0.30915,0.83841,0.58073,0.997,-0.5758,0.85348,0.017137,-0.9516,-0.72089,0.024069
0.31746,0.83345,0.58771,0.99713,-0.58645,0.84462,0.017208,-0.9516,-0.77369,0.0077483
0.32523,0.82844,0.59478,0.99734,-0.59868,0.84462,0.018024,-0.85207,-0.77369,0.024069
0.33442,0.82342,0.60171,0.99749,-0.60174,0.83651,0.018024,-0.75488,-0.89164,0.0077483
0.3417,0.81829,0.60857,0.99761,-0.60576,0.83314,0.017473,-0.85207,-0.89164,0.0077483
0.35019,0.81309,0.6155,0.99778,-0.61043,0.83314,0.018369,-0.75488,-0.89164,-0.0067674
0.35957,0.80777,0.62227,0.99792,-0.62817,0.83083,0.018369,-0.83577,-0.77369,0.0077483
0.36748,0.80239,0.62904,0.9981,-0.64692,0.82414,0.018196,-0.83577,-0.89164,0.0077483
0.37568,0.7969,0.63576,0.99828,-0.65901,0.8175,0.01848,-0.7128,-0.89164,-0.0067674
0.38372,0.79153,0.64231,0.99837,-0.66867,0.81541,0.018714,-0.83577,-0.77369,-0.0067674
0.39288,0.78602,0.64899,0.9985,-0.67067,0.79236,0.019279,-0.83577,-0.77369,-0.0067674
0.40078,0.78037,0.65556,0.99868,-0.67067,0.76928,0.020767,-0.7128,-0.77369,0.0077483
0.40836,0.77469,0.66203,0.99884,-0.67675,0.76928,0.020767,-0.83577,-0.89164,-0.0067674
0.41719,0.76937,0.66847,0.99889,-0.69299,0.76928,0.021419,-0.7128,-0.77369,-0.0067674
0.42603,0.76363,0.67485,0.99903,-0.69798,0.76505,0.022102,-0.7128,-0.89164,-0.015751
0.43441,0.75741,0.68129,0.99932,-0.72065,0.75028,0.022351,-0.7128,-0.89164,-0.0067674
0.44221,0.75135,0.68776,0.99958,-0.72947,0.75028,0.02254,-0.7128,-0.89164,-0.0067674
0.4503,0.74537,0.69399,0.99973,-0.7353,0.73437,0.023985,-0.7128,-0.77369,-0.0067674
0.4592,0.73939,0.7002,0.9999,-0.73984,0.72916,0.026114,-0.7128,-0.77369,-0.0067674
0.46756,0.73332,0.70638,1.0001,-0.74271,0.72583,0.02733,-0.7128,-0.89164,-0.015751
0.47554,0.72722,0.71245,1.0004,-0.74672,0.72203,0.028806,-0.58625,-0.77369,-0.015751
0.48524,0.72109,0.71844,1.0006,-0.757,0.71403,0.030299,-0.7128,-0.89164,-0.015751
0.49205,0.71487,0.72446,1.0009,-0.75387,0.70523,0.032158,-0.7128,-0.89164,-0.025565
0.50074,0.70851,0.73033,1.0011,-0.77057,0.70063,0.033743,-0.7128,-0.89164,-0.015751
0.50894,0.70209,0.73627,1.0014,-0.77759,0.69476,0.034066,-0.7128,-0.89164,-0.015751
0.51758,0.69567,0.74201,1.0016,-0.77983,0.69021,0.034066,-0.5736,-1.0427,-0.025565
0.52569,0.6891,0.74775,1.0019,-0.7847,0.68488,0.034505,-0.7128,-1.0427,-0.015751
0.53383,0.68252,0.75347,1.0022,-0.79196,0.67849,0.035747,-0.7128,-1.0705,-0.015751
0.54242,0.67585,0.75909,1.0024,-0.80233,0.67055,0.036608,-0.83577,-1.0705,-0.015751
0.55054,0.66908,0.76471,1.0028,-0.80927,0.66147,0.037593,-0.7128,-1.0705,-0.025565
0.55919,0.66227,0.7702,1.0031,-0.80927,0.6559,0.037593,-0.83577,-1.0705,-0.025565
0.5672,0.65548,0.77566,1.0034,-0.82105,0.6559,0.038564,-0.83577,-1.0705,-0.025565
0.57669,0.6485,0.78116,1.0038,-0.82105,0.6533,0.038564,-0.83577,-1.0705,-0.025565
0.58435,0.64154,0.78644,1.0041,-0.84024,0.6522,0.038564,-0.83577,-1.0264,-0.025565
0.59247,0.63447,0.79177,1.0044,-0.85736,0.64892,0.039256,-0.83577,-1.0705,-0.025565
0.6005,0.62732,0.79701,1.0047,-0.85736,0.64385,0.039256,-1.0108,-1.0705,-0.029579
0.60954,0.62012,0.80222,1.0051,-0.86903,0.63855,0.038092,-1.0108,-1.0705,-0.039914
0.61759,0.61297,0.80739,1.0054,-0.86903,0.62089,0.038092,-1.0108,-1.0264,-0.029579
0.62545,0.60566,0.81247,1.0058,-0.88018,0.60432,0.038474,-1.0108,-1.0705,-0.039914
0.6331,0.59841,0.81746,1.0061,-0.88018,0.59402,0.036798,-1.093,-1.0705,-0.039914
0.64281,0.59119,0.82229,1.0064,-0.88923,0.59205,0.036798,-1.0108,-1.0705,-0.039914
0.65133,0.5838,0.82718,1.0068,-0.88923,0.58269,0.03674,-1.093,-1.0705,-0.039914
0.6594,0.57642,0.8319,1.007,-0.89885,0.58109,0.035742,-1.0108,-1.0705,-0.053219
0.66758,0.56893,0.83655,1.0073,-0.90226,0.575,0.035742,-0.83577,-1.0705,-0.039914
0.67535,0.56143,0.84124,1.0076,-0.90226,0.5711,0.033717,-0.83577,-1.1125,-0.039914
0.68493,0.55384,0.84578,1.0079,-0.91542,0.56526,0.031875,-1.0108,-1.1125,-0.039914
0.6924,0.54632,0.85031,1.0081,-0.91542,0.53817,0.030182,-1.0108,-1.1125,-0.039914
0.7013,0.53875,0.8546,1.0084,-0.92302,0.52864,0.02883,-0.83577,-1.1125,-0.039914
0.70909,0.53109,0.85898,1.0087,-0.91542,0.50896,0.028254,-1.0108,-1.1125,-0.039914
0.71828,0.52336,0.86328,1.0089,-0.91542,0.50896,0.027267,-0.83577,-1.1125,-0.029579
0.72536,0.51564,0.86752,1.0091,-0.91542,0.50896,0.027267,-1.0108,-1.1125,-0.039914
0.73463,0.50785,0.8717,1.0094,-0.94022,0.49565,0.025059,-0.83577,-1.1125,-0.039914
0.74264,0.50005,0.87573,1.0095,-0.93965,0.48519,0.022666,-1.0108,-1.1125,-0.029579
0.75066,0.49223,0.87986,1.0097,-0.96943,0.48243,0.021812,-1.0108,-1.1969,-0.039914
0.75965,0.48433,0.8838,1.0099,-0.9632,0.47829,0.020581,-1.0108,-1.1125,-0.039914
0.76769,0.4765,0.88772,1.0101,-0.97455,0.47526,0.019925,-1.0108,-1.1125,-0.029579
0.77665,0.46852,0.89162,1.0102,-0.9632,0.45974,0.019925,-1.0108,-1.1969,-0.029579
0.78354,0.46057,0.89536,1.0104,-0.9632,0.44507,0.019421,-1.0108,-1.1125,-0.025565
0.79336,0.45265,0.89908,1.0106,-0.9632,0.43723,0.019421,-1.0108,-1.1969,-0.025565
0.80012,0.44458,0.90273,1.0107,-0.9632,0.43507,0.019115,-1.0108,-1.1125,-0.025565
0.80945,0.4366,0.90635,1.0109,-0.9632,0.43234,0.019115,-1.0108,-1.1969,-0.029579
0.81673,0.42856,0.90986,1.011,-0.9632,0.42874,0.019115,-1.1251,-1.1969,-0.025565
0.82644,0.42048,0.91333,1.0111,-0.96334,0.42543,0.019421,-1.0108,-1.1969,-0.025565
0.83417,0.41251,0.9167,1.0113,-0.94024,0.40602,0.019421,-1.1251,-1.1969,-0.025565
0.84268,0.4044,0.91999,1.0114,-0.96334,0.38788,0.019925,-1.0108,-1.1969,-0.015751
0.85049,0.39632,0.9233,1.0116,-0.94024,0.38295,0.020902,-1.1251,-1.1969,-0.015751
0.85928,0.38823,0.92649,1.0117,-0.9643,0.37078,0.021667,-1.0108,-1.1969,-0.015751
0.86837,0.38007,0.92963,1.0119,-0.9643,0.36011,0.021667,-1.0108,-1.1969,-0.015751
0.87577,0.372,0.93279,1.012,-0.9643,0.35623,0.021892,-0.83577,-1.1969,-0.025565
0.88511,0.36384,0.93585,1.0122,-0.9643,0.35026,0.021892,-1.0108,-1.1969,-0.029579
0.89195,0.35573,0.93879,1.0123,-0.9643,0.3419,0.021892,-0.83577,-1.1969,-0.025565
0.90073,0.34757,0.94175,1.0125,-0.9643,0.3419,0.022069,-0.83577,-1.2849,-0.029579
0.9091,0.3394,0.94458,1.0127,-0.9643,0.33732,0.022069,-0.83577,-1.1969,-0.025565
0.91808,0.33126,0.94737,1.0129,-0.9643,0.33603,0.022312,-0.7128,-1.1969,-0.025565
0.9254,0.3232,0.94997,1.0131,-0.95256,0.33226,0.022359,-0.7128,-1.1125,-0.025565
0.93459,0.31515,0.9525,1.0134,-0.95256,0.32805,0.022685,-0.7128,-1.1969,-0.025565
0.9423,0.307,0.95509,1.0136,-0.96404,0.31906,0.023059,-0.83577,-1.1125,-0.015751
0.95066,0.29877,0.95757,1.0138,-0.98013,0.30564,0.023445,-0.7128,-1.1125,-0.015751
0.95964,0.29059,0.96003,1.014,-0.98013,0.29866,0.023445,-0.83577,-1.1125,-0.015751
0.96689,0.28244,0.96242,1.0142,-0.99006,0.28624,0.023856,-0.7128,-1.1125,-0.015751
0.97678,0.27423,0.96471,1.0144,-0.98013,0.27489,0.023445,-0.7128,-1.1969,-0.015751
0.98328,0.26597,0.96698,1.0146,-0.98013,0.25359,0.023585,-0.7128,-1.1125,0.0069421
0.99322,0.25777,0.96909,1.0148,-0.99006,0.23251,0.023856,-0.53534,-1.1125,0.024069
1.0001,0.24953,0.97116,1.015,-0.99006,0.2282,0.023856,-0.7128,-1.1125,0.0069421
1.0094,0.24128,0.97322,1.0153,-0.99006,0.2236,0.023856,-0.7128,-1.1969,-0.015751
1.0175,0.2331,0.97512,1.0154,-0.99006,0.22099,0.024749,-0.7128,-1.1125,0.0069421
1.0262,0.2248,0.97703,1.0157,-0.99006,0.21825,0.024749,-0.7128,-1.1125,0.0069421
1.0343,0.21653,0.97884,1.0159,-0.97475,0.21562,0.024571,-0.80594,-1.1125,0.024069
1.0425,0.20834,0.98058,1.0161,-0.99994,0.21335,0.025064,-0.7128,-1.1125,0.0069421
1.0503,0.20003,0.98226,1.0164,-0.97475,0.21232,0.025064,-0.80594,-1.1125,0.0069421
1.0593,0.19185,0.98393,1.0166,-0.99994,0.20659,0.025064,-0.7128,-1.1125,-0.015751
1.068,0.18356,0.98545,1.0168,-0.99328,0.19354,0.024747,-0.7128,-1.1969,-0.015751
1.0751,0.1753,0.98699,1.017,-0.99328,0.18019,0.024747,-0.53534,-1.1969,0.0069421
1.0853,0.16706,0.98841,1.0172,-0.99224,0.16704,0.023585,-0.7128,-1.1969,-0.015751
1.0921,0.15871,0.98977,1.0174,-0.99224,0.15635,0.023585,-0.7128,-1.1125,0.0024306
1.1008,0.15046,0.99111,1.0176,-0.99224,0.15292,0.023115,-0.7128,-1.1969,0.0024306
1.1083,0.14221,0.99231,1.0178,-0.99224,0.1459,0.022475,-0.7128,-1.1125,0.0024306
1.118,0.13387,0.99342,1.018,-0.99224,0.12953,0.022475,-0.78016,-1.1125,0.016946
1.1254,0.12558,0.99455,1.0182,-0.99202,0.11772,0.02248,-0.53534,-1.1125,0.0024306
1.1347,0.11729,0.99553,1.0184,-0.99202,0.11195,0.022216,-0.78016,-1.1125,0.016946
1.1422,0.10893,0.99644,1.0186,-0.99419,0.10694,0.022216,-0.78016,-1.1969,0.024069
1.1507,0.10053,0.99736,1.0188,-0.99419,0.097446,0.021983,-0.53534,-1.1969,0.016946
1.1592,0.0922,0.9981,1.0189,-0.99202,0.088492,0.021549,-0.78016,-1.1969,0.016946
1.1676,0.083791,0.99885,1.0191,-0.99419,0.083586,0.021549,-0.53534,-1.1969,0.024069
1.1766,0.075393,0.99957,1.0193,-0.99357,0.075019,0.021114,-0.78016,-1.1969,0.016946
1.184,0.066992,1.0001,1.0195,-0.99357,0.068001,0.019987,-0.78016,-1.1125,0.016946
1.1933,0.058548,1.0006,1.0197,-0.99357,0.060535,0.019059,-0.53534,-1.1125,0.016946
1.2005,0.050132,1.0011,1.0199,-0.99357,0.050856,0.019059,-0.53534,-1.0776,-0.0057464
1.209,0.041707,1.0015,1.02,-0.99357,0.039576,0.018713,-0.78016,-1.1125,-0.0057464
1.2175,0.033193,1.0018,1.0202,-0.99357,0.031987,0.018209,-0.78016,-1.0776,-0.0057464
1.2255,0.02475,1.002,1.0203,-0.99357,0.028382,0.017447,-0.78016,-1.1125,-0.0057464
1.2341,0.016328,1.0022,1.0205,-0.99419,0.018595,0.016407,-0.78016,-1.1125,0.016946
1.2429,0.007856,1.0023,1.0206,-0.99583,0.0072304,0.015175,-0.78016,-1.0776,0.016946
1.2504,-0.0005641,1.0023,1.0207,-0.99759,-0.00027678,0.013906,-0.78016,-1.1125,0.016946
1.2589,-0.0089605,1.0023,1.0209,-1.0187,-0.010303,0.013906,-0.53534,-1.1125,-0.0057464
1.268,-0.017502,1.0022,1.0209,-1.0187,-0.022544,0.012872,-0.53534,-1.1969,0.016946
1.2756,-0.026016,1.0019,1.021,-1.0187,-0.028859,0.01152,-0.53534,-1.1125,0.016946
1.2843,-0.034452,1.0017,1.021,-1.0156,-0.030715,0.0085134,-0.78016,-1.1125,0.016946
1.2923,-0.04299,1.0014,1.0211,-1.0364,-0.034635,0.0058146,-0.53534,-1.1125,-0.0057464
1.3008,-0.051461,1.001,1.0212,-1.0419,-0.040265,0.0051995,-0.53534,-1.1969,-0.041246
1.3088,-0.060006,1.0004,1.0212,-1.0364,-0.052827,0.0050474,-0.53534,-1.1125,-0.0057464
1.3174,-0.06862,0.9999,1.0212,-1.0419,-0.065819,0.0026605,-0.53534,-1.1969,-0.041246
1.3256,-0.077107,0.99929,1.0212,-1.0419,-0.071732,8.5704e-05,-0.53534,-1.1125,-0.0057464
1.3336,-0.085685,0.99854,1.0212,-1.0419,-0.082622,-0.001551,-0.53534,-1.1969,-0.041246
1.3423,-0.094765,0.99829,1.0214,-1.0419,-0.092435,-0.0043949,-0.53534,-1.1125,-0.041246
1.3501,-0.10363,0.99759,1.0213,-1.0468,-0.099728,-0.0066348,-0.2599,-1.1125,-0.041246
1.3592,-0.1122,0.99662,1.0212,-1.0468,-0.11496,-0.0078165,-0.53534,-1.1969,-0.0057464
1.3676,-0.12084,0.99558,1.0212,-1.0575,-0.12897,-0.0096843,-0.53534,-1.1125,-0.0057464
1.3758,-0.12947,0.99448,1.0211,-1.0468,-0.13772,-0.01403,-0.53534,-1.1969,-0.041246
1.3839,-0.13806,0.99328,1.021,-1.0468,-0.14556,-0.016953,-0.53534,-1.1125,-0.0057464
1.3933,-0.1467,0.99194,1.0208,-1.0468,-0.15643,-0.017798,-0.53534,-1.1969,-0.041246
1.4005,-0.15542,0.99051,1.0207,-1.0468,-0.16572,-0.019788,-0.53534,-1.1125,-0.041246
1.4091,-0.16414,0.9891,1.0204,-1.0575,-0.17847,-0.021014,-0.53534,-1.1969,-0.0057464
1.4166,-0.17301,0.98767,1.0203,-1.0468,-0.19471,-0.021421,-0.64948,-1.1969,-0.041246
1.4264,-0.18174,0.98603,1.0201,-1.04,-0.2075,-0.023744,-0.64948,-1.2849,-0.0057464
1.4345,-0.19044,0.98429,1.0198,-1.04,-0.21538,-0.02616,-0.64948,-1.1969,-0.0057464
1.4425,-0.19916,0.98248,1.0196,-1.055,-0.21917,-0.026892,-0.4978,-1.1969,-0.041246
1.4501,-0.20809,0.9808,1.0193,-1.069,-0.22269,-0.027829,-0.4978,-1.2849,-0.041246
1.4591,-0.21695,0.97884,1.0191,-1.0749,-0.2249,-0.028871,-0.2599,-1.2849,-0.041246
1.4676,-0.22568,0.97667,1.0187,-1.0778,-0.24076,-0.032866,-0.2599,-1.2849,-0.041246
1.4752,-0.23443,0.9745,1.0184,-1.0778,-0.26675,-0.034328,-0.060746,-1.2849,-0.041246
1.4852,-0.24333,0.97226,1.0181,-1.0778,-0.28309,-0.039044,-0.060746,-1.3369,-0.0057464
1.4916,-0.25233,0.96993,1.0178,-1.0778,-0.29345,-0.039044,-0.060746,-1.2849,-0.0057464
1.5001,-0.26113,0.96738,1.0174,-1.0778,-0.29974,-0.039044,-0.060746,-1.3369,-0.0057464
1.5093,-0.26994,0.96483,1.017,-1.0815,-0.31698,-0.041756,-0.060746,-1.2849,0.016192
1.5177,-0.27898,0.96231,1.0168,-1.0865,-0.33826,-0.041756,0.094624,-1.3369,-0.0057464
1.5259,-0.28796,0.95959,1.0165,-1.0815,-0.34273,-0.041756,0.094624,-1.2849,0.016192
1.534,-0.29685,0.95669,1.0161,-1.0815,-0.34745,-0.041756,0.20222,-1.3369,0.016192
1.5423,-0.30581,0.95384,1.0158,-1.0815,-0.35317,-0.041756,0.20222,-1.2849,0.020704
1.5502,-0.31476,0.95081,1.0154,-1.0865,-0.35902,-0.039592,0.20222,-1.3369,0.020704
1.5592,-0.32382,0.94773,1.0151,-1.0815,-0.37527,-0.036917,0.20222,-1.2849,0.016192
1.567,-0.33282,0.94458,1.0148,-1.0815,-0.38764,-0.038071,0.31921,-1.2849,0.020704
1.5762,-0.34181,0.94136,1.0145,-1.0815,-0.39528,-0.036917,0.31921,-1.3369,0.020704
1.5844,-0.3508,0.93797,1.0142,-1.0815,-0.40547,-0.036917,0.31921,-1.2849,0.024069
1.592,-0.35989,0.93451,1.0139,-1.0865,-0.4288,-0.036542,0.55966,-1.3369,0.020704
1.6,-0.36891,0.93093,1.0136,-1.0865,-0.45188,-0.036542,0.55966,-1.2849,0.020704
1.6094,-0.37785,0.92729,1.0133,-1.0865,-0.45561,-0.036034,0.55966,-1.3369,0.016192
1.6172,-0.38695,0.92354,1.013,-1.0812,-0.46618,-0.035323,0.55966,-1.2849,0.016192
1.6257,-0.39606,0.91968,1.0127,-1.0924,-0.47611,-0.035017,0.81234,-1.2849,0.016192
1.6339,-0.40512,0.91578,1.0124,-1.0787,-0.47674,-0.034639,0.57248,-1.2849,0.016192
1.6425,-0.4141,0.91167,1.0121,-1.0924,-0.48124,-0.034639,0.81234,-1.3369,-0.0057464
1.651,-0.42314,0.90754,1.0118,-1.0787,-0.48639,-0.03324,0.57248,-1.3369,-0.0057464
1.6585,-0.43221,0.90336,1.0117,-1.0924,-0.49257,-0.03324,0.81234,-1.3369,-0.041246
1.6675,-0.4412,0.899,1.0113,-1.0863,-0.51047,-0.03204,0.57248,-1.3369,-0.041246
1.6757,-0.45021,0.89463,1.0111,-1.0709,-0.5282,-0.031714,0.81234,-1.3369,-0.041246
1.6841,-0.45919,0.89008,1.0109,-1.0688,-0.53755,-0.030239,0.81234,-1.3369,-0.060026
1.692,-0.46807,0.88544,1.0106,-1.0688,-0.54286,-0.031714,0.81234,-1.2849,-0.060026
1.7014,-0.47711,0.88075,1.0103,-1.0688,-0.54932,-0.030239,0.81234,-1.3369,-0.060026
1.7087,-0.48585,0.87595,1.0101,-1.0679,-0.5681,-0.028826,0.57248,-1.2849,-0.060026
1.7175,-0.49473,0.87114,1.0099,-1.0679,-0.58457,-0.030239,0.81234,-1.2849,-0.072503
1.7255,-0.5035,0.86609,1.0096,-1.0679,-0.5977,-0.028826,0.57248,-1.1969,-0.060026
1.7344,-0.5124,0.86141,1.0094,-1.0646,-0.60844,-0.028826,0.81234,-1.2849,-0.072503
1.7423,-0.52112,0.85596,1.009,-1.0518,-0.6158,-0.029602,0.81234,-1.1969,-0.072503
1.7504,-0.52976,0.85078,1.0089,-1.0518,-0.62932,-0.028826,0.81234,-1.1969,-0.072503
1.7589,-0.53859,0.84564,1.0086,-1.0273,-0.63821,-0.029451,0.57546,-1.1969,-0.060026
1.7678,-0.54717,0.84044,1.0085,-1.0237,-0.65123,-0.030358,0.81234,-1.1969,-0.060026
1.7763,-0.55571,0.83467,1.0081,-1.0083,-0.67409,-0.029104,0.57546,-1.1969,-0.060026
1.7842,-0.56426,0.82918,1.0079,-1.0083,-0.68617,-0.029104,0.57546,-1.1125,-0.060026
1.7936,-0.57267,0.82349,1.0077,-0.99838,-0.68835,-0.029104,0.7548,-1.1969,-0.060026
1.8002,-0.58102,0.81771,1.0074,-0.98941,-0.69984,-0.029668,0.7548,-1.1969,-0.041246
1.8095,-0.58936,0.81191,1.0072,-0.98941,-0.71116,-0.029456,0.7548,-1.1969,-0.041246
1.8175,-0.59785,0.8062,1.0069,-0.97516,-0.71341,-0.030015,0.7548,-1.1125,-0.041246
1.8259,-0.60611,0.80023,1.0067,-0.97516,-0.71813,-0.030015,0.7548,-1.1969,-0.060026
1.8344,-0.61431,0.79415,1.0065,-0.96286,-0.71813,-0.030015,0.7548,-1.1969,-0.041246
1.8428,-0.62235,0.78802,1.0063,-0.96121,-0.72888,-0.029456,0.85641,-1.1969,-0.060026
1.8505,-0.63034,0.78176,1.0059,-0.95916,-0.73807,-0.029456,0.7548,-1.1969,-0.060026
1.8591,-0.63831,0.77551,1.0057,-0.95916,-0.74313,-0.028537,0.85641,-1.1969,-0.041246
1.8677,-0.64614,0.76914,1.0054,-0.94411,-0.75304,-0.029456,0.85641,-1.1969,-0.041246
1.8762,-0.65399,0.76272,1.0052,-0.94411,-0.76215,-0.029456,0.85641,-1.1969,-0.041246
1.8849,-0.66172,0.75623,1.005,-0.9261,-0.75304,-0.02897,0.7548,-1.1969,-0.0057464
1.8925,-0.66936,0.74962,1.0047,-0.9261,-0.76215,-0.02897,0.85641,-1.1125,-0.041246
1.9011,-0.67696,0.74291,1.0044,-0.91513,-0.77002,-0.028398,0.93211,-1.1969,-0.060026
1.9081,-0.68446,0.7362,1.0041,-0.90187,-0.79312,-0.028398,0.85641,-1.1125,-0.060026
1.918,-0.69183,0.72944,1.0039,-0.90187,-0.82509,-0.02897,0.93211,-1.1125,-0.060026
1.9257,-0.69916,0.72251,1.0037,-0.89102,-0.82509,-0.028398,0.85641,-1.0776,-0.060026
1.9347,-0.70646,0.71558,1.0035,-0.88351,-0.84246,-0.027402,0.93211,-1.1125,-0.060026
1.9419,-0.71356,0.70862,1.0033,-0.85917,-0.85564,-0.028398,0.85641,-1.0776,-0.023065
1.9503,-0.72053,0.70134,1.003,-0.83432,-0.86801,-0.027402,0.93211,-1.1125,-0.060026
1.9582,-0.72757,0.69414,1.0029,-0.81733,-0.86801,-0.026783,0.93211,-1.1125,-0.023065
1.9681,-0.73443,0.6869,1.0026,-0.81733,-0.88876,-0.026783,0.93211,-1.1125,-0.023065
1.9767,-0.74121,0.67965,1.0024,-0.7949,-0.90534,-0.026783,0.93211,-1.1125,-0.060026
1.9845,-0.74774,0.67223,1.0023,-0.78355,-0.91032,-0.026783,0.93211,-1.0776,-0.060026
1.9934,-0.75417,0.66473,1.002,-0.76247,-0.91032,-0.026455,1.0113,-1.1125,-0.072503
2.0004,-0.76066,0.65722,1.0017,-0.75876,-0.91032,-0.026783,1.0113,-1.1033,-0.072503
2.0097,-0.76711,0.6498,1.0016,-0.73081,-0.91365,-0.026455,1.0892,-1.1033,-0.087477
2.0176,-0.77335,0.64222,1.0014,-0.72528,-0.91365,-0.025473,1.0113,-1.0613,-0.087477
2.0261,-0.77953,0.63453,1.0012,-0.72528,-0.91365,-0.024694,1.0892,-1.1033,-0.087477
2.0345,-0.78566,0.62683,1.001,-0.71439,-0.91365,-0.024416,1.0892,-1.1033,-0.087477
2.0433,-0.79159,0.61916,1.0008,-0.70107,-0.91373,-0.024416,1.0892,-1.0613,-0.081721
2.0503,-0.79743,0.61088,1.0005,-0.70107,-0.91373,-0.023547,1.1234,-1.1033,-0.033744
2.0593,-0.80294,0.60275,1.0002,-0.6888,-0.92615,-0.023754,1.0892,-1.1033,-0.081721
2.0676,-0.80855,0.59483,0.99992,-0.6779,-0.92615,-0.024694,1.1234,-1.1033,-0.081721
2.076,-0.81422,0.58701,0.99988,-0.67345,-0.94263,-0.024694,1.1234,-1.0613,-0.081721
2.0849,-0.81968,0.57899,0.9996,-0.67,-0.94263,-0.023754,1.1234,-1.2162,-0.033744
2.0926,-0.82513,0.57099,0.99947,-0.64699,-0.94852,-0.023754,1.0892,-1.0613,-0.033744
2.1015,-0.83034,0.56291,0.99925,-0.62013,-0.94852,-0.023754,1.1234,-1.0613,-0.081721
2.1083,-0.83555,0.55489,0.99918,-0.61371,-0.94852,-0.023754,1.0892,-1.0613,-0.033744
2.1178,-0.84059,0.54672,0.99896,-0.59913,-0.95003,-0.024776,1.0892,-1.0613,-0.033744
2.1259,-0.84564,0.53858,0.99884,-0.57485,-0.95003,-0.024776,1.0113,-1.0613,-0.033744
2.1351,-0.85053,0.53039,0.99866,-0.55684,-0.95003,-0.024776,1.0892,-1.0613,-0.033744
2.142,-0.85518,0.52214,0.99843,-0.54408,-0.95003,-0.024477,1.0892,-1.0613,-0.033744
2.1508,-0.85988,0.51384,0.99822,-0.53417,-0.96966,-0.024477,1.1234,-0.96415,-0.033744
2.1591,-0.86446,0.50562,0.99795,-0.5281,-0.96966,-0.024477,1.1553,-0.96415,0.016192
2.1678,-0.86888,0.49731,0.99783,-0.52502,-0.99549,-0.023922,1.1234,-0.96415,-0.033744
2.1761,-0.87316,0.48893,0.99765,-0.52139,-0.99549,-0.024477,1.1553,-0.96415,0.016192
2.1843,-0.87743,0.48066,0.9974,-0.51852,-1.0052,-0.024629,1.1553,-0.71159,0.020264
2.1936,-0.8816,0.47227,0.99714,-0.51225,-0.99549,-0.024629,1.1553,-0.39513,0.016192
2.2006,-0.88557,0.46388,0.99695,-0.50197,-0.99549,-0.025832,1.1553,-0.10651,0.016192
2.2098,-0.88946,0.45537,0.99673,-0.47342,-0.99549,-0.027007,1.2051,-0.10651,0.020264
2.2175,-0.8933,0.44696,0.99649,-0.43859,-0.99549,-0.027007,1.1553,-0.10651,0.020264
2.2264,-0.89709,0.43863,0.99628,-0.42566,-0.99549,-0.026919,1.2051,-0.10651,0.016192
2.2334,-0.90077,0.43012,0.99599,-0.42005,-0.99549,-0.026919,1.2051,-0.39513,0.016192
2.2429,-0.90433,0.42167,0.99578,-0.41619,-1.0075,-0.025532,1.2051,-0.10651,0.016192
2.2512,-0.90769,0.41327,0.99559,-0.41311,-1.0075,-0.026688,1.2051,-0.39513,0.016192
2.2593,-0.91102,0.40466,0.99531,-0.40835,-1.0075,-0.026688,1.2051,-0.10651,0.020264
2.267,-0.91426,0.3961,0.99509,-0.39068,-1.0031,-0.025486,1.2629,-0.10651,0.020264
2.2756,-0.91745,0.38769,0.99494,-0.37446,-1.013,-0.023922,1.2629,-0.10651,0.020264
2.2848,-0.92055,0.37912,0.99468,-0.35869,-1.0031,-0.023461,1.2629,-0.39513,0.020264
2.2921,-0.92358,0.37062,0.99447,-0.34222,-1.013,-0.022789,1.2629,-0.10651,0.028276
2.3006,-0.92651,0.36221,0.99433,-0.33821,-1.0031,-0.022087,1.2964,-0.10651,0.04281
2.309,-0.92936,0.35374,0.9941,-0.33371,-1.013,-0.021744,1.2629,-0.39513,0.028276
2.3177,-0.93212,0.34521,0.9939,-0.32524,-1.013,-0.021271,1.2964,-0.10651,0.04281
2.3256,-0.93475,0.33673,0.99375,-0.31347,-1.013,-0.020782,1.2629,-0.10651,0.058252
2.3343,-0.93732,0.32827,0.99351,-0.30123,-1.0137,-0.019881,1.2629,-0.39513,0.04281
2.3424,-0.93982,0.3198,0.99336,-0.29251,-1.0062,-0.019247,1.2629,-0.10651,0.028276
2.3509,-0.94228,0.31138,0.99321,-0.28691,-1.0062,-0.019009,1.2964,-0.10651,0.04281
2.3589,-0.94454,0.30285,0.99304,-0.27553,-1.0062,-0.019009,1.2964,-0.10651,0.058252
2.3674,-0.94683,0.29438,0.99286,-0.26685,-1.0137,-0.019009,1.2739,-0.10651,0.04281
2.3757,-0.94903,0.28598,0.99269,-0.26443,-1.0137,-0.019009,1.3536,-0.10651,0.058252
2.3846,-0.95115,0.27759,0.99254,-0.25594,-1.0137,-0.019009,1.2739,-0.10651,0.04281
2.3924,-0.95322,0.26907,0.99242,-0.2488,-1.0072,-0.018327,1.3536,0.098281,0.058252
2.4002,-0.95516,0.26071,0.99227,-0.24383,-1.0082,-0.017494,1.3536,-0.10651,0.056202
2.4096,-0.957,0.25228,0.99211,-0.22663,-1.0082,-0.017017,1.4002,-0.10651,0.056202
2.4172,-0.95889,0.24392,0.99199,-0.21056,-1.0082,-0.016505,1.4002,0.098281,0.056202
2.4256,-0.96067,0.2356,0.9919,-0.20477,-1.0082,-0.016505,1.4002,0.098281,0.056202
2.4338,-0.96235,0.22709,0.99177,-0.19948,-1.0082,-0.015855,1.4002,-0.10651,0.04281
2.4429,-0.96397,0.21868,0.99167,-0.18712,-1.0082,-0.015284,1.4002,0.098281,0.056202
2.4501,-0.96546,0.21036,0.99153,-0.17713,-1.0082,-0.015284,1.4002,0.098281,0.04281
2.4584,-0.96692,0.20198,0.99135,-0.16765,-1.0085,-0.014835,1.4002,0.19566,0.04281
2.4674,-0.96835,0.19365,0.99127,-0.15722,-1.0222,-0.014685,1.4002,0.19566,0.04281
2.4759,-0.96966,0.18534,0.99119,-0.15445,-1.0085,-0.014685,1.4002,0.25764,0.04281
2.4844,-0.9709,0.17679,0.99106,-0.14887,-1.0008,-0.013372,1.4067,0.25764,0.04281
2.4921,-0.97208,0.16842,0.99098,-0.13949,-1.0085,-0.012409,1.4002,0.25764,0.04281
2.5012,-0.97315,0.1601,0.99085,-0.12859,-1.0085,-0.012325,1.4067,0.25764,0.04281
2.5088,-0.97417,0.15174,0.99072,-0.1198,-1.0085,-0.012325,1.4002,0.32727,0.035112
2.5175,-0.97523,0.14352,0.99067,-0.11555,-1.0085,-0.01159,1.4067,0.32727,0.056202
2.5254,-0.97614,0.13523,0.99057,-0.10544,-1.0085,-0.011379,1.4002,0.32727,0.035112
2.5344,-0.97692,0.12662,0.99041,-0.093239,-1.0085,-0.01131,1.4067,0.32727,0.035112
2.5424,-0.97764,0.11827,0.99035,-0.088741,-0.99139,-0.010225,1.4002,0.32727,0.035112
2.5503,-0.9784,0.10998,0.99029,-0.08209,-1.0012,-0.01131,1.4067,0.32727,0.056202
2.5591,-0.97902,0.10162,0.99013,-0.072818,-1.0112,-0.01131,1.4002,0.32727,0.035112
2.5677,-0.97968,0.09345,0.99012,-0.064221,-1.0106,-0.010311,1.4002,0.40156,0.056202
2.5758,-0.98015,0.085113,0.99002,-0.055388,-0.99553,-0.010385,1.4002,0.32727,0.056202
2.5839,-0.98055,0.076777,0.98991,-0.050612,-1.0106,-0.010385,1.3536,0.32727,0.056202
2.5932,-0.98097,0.068407,0.98982,-0.047459,-1.0106,-0.0098755,1.3536,0.25764,0.056202
2.6006,-0.98136,0.059823,0.98978,-0.038433,-1.0106,-0.0098755,1.3536,0.32727,0.056202
2.6091,-0.98155,0.051523,0.98976,-0.02711,-1.0106,-0.009663,1.4002,0.32727,0.056202
2.6172,-0.98181,0.043161,0.98966,-0.018629,-1.0106,-0.0088426,1.3536,0.32727,0.035112
2.6262,-0.98194,0.034856,0.98962,-0.011159,-1.0106,-0.009663,1.3536,0.40156,0.056202
2.6345,-0.982,0.026554,0.98951,-0.0043147,-0.99553,-0.009663,1.3536,0.40156,0.056202
2.6423,-0.98196,0.018194,0.98944,0.0019994,-1.0106,-0.0081695,1.4002,0.40156,0.064808
2.6506,-0.98197,0.0099889,0.9894,0.011616,-1.0106,-0.0081695,1.4002,0.40156,0.056202
2.6594,-0.98181,0.0016533,0.9893,0.020491,-1.0106,-0.0081695,1.3536,0.56814,0.056202
2.6676,-0.98162,-0.006751,0.98917,0.029055,-0.99604,-0.0081695,1.4002,0.56814,0.064808
2.6757,-0.98134,-0.015318,0.98918,0.038266,-0.99604,-0.0064922,1.4002,0.80837,0.064808
2.6846,-0.98094,-0.023771,0.9891,0.042516,-0.99097,-0.0081695,1.4002,0.56814,0.064808
2.6923,-0.98063,-0.032114,0.98904,0.04782,-0.99604,-0.0081695,1.3536,0.80837,0.064808
2.7009,-0.98019,-0.040395,0.98901,0.059736,-0.99097,-0.0064922,1.4063,0.80837,0.064808
2.7089,-0.97959,-0.048813,0.9889,0.06974,-0.99604,-0.0071677,1.3536,0.80837,0.064808
2.7181,-0.97897,-0.05715,0.98885,0.072775,-0.99762,-0.0064922,1.3536,1.0271,0.064808
2.7259,-0.97841,-0.065427,0.98882,0.07762,-0.99097,-0.0058357,1.3536,1.0271,0.064808
2.7344,-0.97772,-0.073671,0.98877,0.088253,-0.99762,-0.0058357,1.4063,1.0271,0.071188
2.742,-0.97699,-0.082017,0.98869,0.096373,-0.99762,-0.0057536,1.3536,1.0271,0.071188
2.7505,-0.97616,-0.090439,0.98859,0.098324,-0.99762,-0.0057536,1.4063,1.1666,0.071188
2.7593,-0.97519,-0.09905,0.98862,0.10517,-0.99408,-0.0057536,1.4063,1.0271,0.076393
2.768,-0.97433,-0.10753,0.98853,0.11384,-1.0002,-0.0050382,1.4063,1.1666,0.072063
2.7752,-0.97338,-0.11586,0.98852,0.11987,-0.99408,-0.0043335,1.4063,1.0271,0.083489
2.7848,-0.9722,-0.1242,0.98852,0.12708,-1.0002,-0.0043335,1.4063,1.1666,0.072063
2.7933,-0.97098,-0.13269,0.98846,0.1371,-1.0002,-0.0043335,1.4063,1.0271,0.083489
2.8005,-0.96976,-0.14109,0.98843,0.14356,-1.0002,-0.0040596,1.4063,1.1666,0.083489
2.8104,-0.96861,-0.14951,0.98843,0.15606,-1.0002,-0.0032433,1.4063,1.1666,0.072063
2.8167,-0.96735,-0.1579,0.9884,0.16854,-1.0002,-0.0023542,1.3536,1.1666,0.072063
2.8263,-0.96598,-0.16624,0.98835,0.17245,-1.0002,-0.0019006,1.4063,1.1666,0.072063
2.8345,-0.96454,-0.17464,0.98828,0.18205,-1.0002,-0.0010065,1.4063,1.0271,0.072063
2.8429,-0.96297,-0.183,0.98831,0.19344,-1.0051,-0.0010065,1.4063,1.1666,0.072063
2.8505,-0.96134,-0.19172,0.98833,0.20316,-1.0051,-0.00026315,1.4063,1.0271,0.083489
2.8598,-0.95977,-0.20016,0.98834,0.21045,-1.0051,-0.00026315,1.4063,1.0271,0.072063
2.868,-0.958,-0.20851,0.98834,0.21371,-1.0051,-0.00026315,1.4063,0.8861,0.083489
2.8759,-0.95618,-0.21703,0.98826,0.21488,-1.0016,7.9996e-05,1.4063,1.0271,0.083489
2.8848,-0.95426,-0.2254,0.98824,0.22169,-0.99243,0.00018863,1.4063,0.8861,0.083489
2.8927,-0.95241,-0.23383,0.98825,0.22872,-1.0016,7.9996e-05,1.4063,1.0271,0.072063
2.9013,-0.95046,-0.24217,0.98823,0.23226,-1.0016,0.00036734,1.414,0.8861,0.064808
2.9083,-0.94838,-0.25052,0.98824,0.2359,-1.0016,0.00036734,1.4063,0.8861,0.064808
2.9186,-0.94624,-0.2589,0.98823,0.24734,-1.0016,0.00069882,1.414,0.8861,0.064808
2.9253,-0.94404,-0.26722,0.98826,0.26076,-0.99732,0.00036734,1.4063,0.8861,0.064808
2.9348,-0.94177,-0.27558,0.98826,0.27093,-0.99732,7.9996e-05,1.414,0.8861,0.064808
2.942,-0.93951,-0.28391,0.98824,0.28144,-1.0136,7.9996e-05,1.4063,0.8861,0.064808
2.9506,-0.93711,-0.29246,0.98832,0.29138,-1.0045,-0.00026315,1.414,0.8861,0.056202
2.9593,-0.93489,-0.30078,0.9885,0.30528,-0.98201,0.00027488,1.414,0.77302,0.064808
2.9679,-0.9326,-0.30892,0.98865,0.31433,-1.0045,0.0013327,1.414,0.8861,0.064808
2.9763,-0.93021,-0.31755,0.98862,0.31907,-0.98201,0.0022686,1.414,0.77302,0.056202
2.9844,-0.92768,-0.32583,0.98879,0.32589,-0.97542,0.0029778,1.414,0.8861,0.064808
2.9933,-0.92474,-0.33397,0.98868,0.33021,-0.97542,0.0029778,1.4063,0.77302,0.064808
3.0008,-0.92191,-0.34179,0.98873,0.34074,-0.97542,0.005243,1.4063,0.8861,0.064808
3.0101,-0.9189,-0.3503,0.98861,0.35271,-0.97542,0.0042459,1.414,0.77302,0.072063
3.0177,-0.9159,-0.35867,0.9886,0.35751,-0.97626,0.0067814,1.4063,0.77302,0.064808
3.0253,-0.91279,-0.3666,0.98869,0.37024,-0.97626,0.0067814,1.4063,0.8861,0.064808
3.0345,-0.90957,-0.37521,0.98845,0.38306,-0.96349,0.0063248,1.4063,0.77302,0.064808
3.0431,-0.90649,-0.38329,0.98857,0.38683,-0.99254,0.0063248,1.4063,0.8861,0.064808
3.0508,-0.90337,-0.39119,0.98873,0.3909,-0.99254,0.0063248,1.4063,0.77302,0.056202
3.0594,-0.90029,-0.39895,0.9889,0.39988,-0.95552,0.0067814,1.4063,0.8861,0.056202
3.0681,-0.89691,-0.40707,0.98892,0.40704,-0.95405,0.0063248,1.4063,0.8861,0.056202
3.076,-0.89345,-0.41523,0.98893,0.40926,-0.95763,0.0065641,1.4063,0.8861,0.064808
3.0845,-0.89,-0.42326,0.98899,0.41762,-0.95029,0.0068343,1.414,0.8861,0.064808
3.0929,-0.88627,-0.43205,0.98877,0.42899,-0.95763,0.0074425,1.414,1.0271,0.056202
3.1013,-0.88264,-0.44013,0.98883,0.43613,-0.95029,0.0074425,1.414,0.8861,0.056202
3.1086,-0.87886,-0.44805,0.98888,0.44211,-0.94518,0.0074425,1.4063,0.8861,0.064808
3.1188,-0.8749,-0.45627,0.98873,0.44705,-0.95029,0.0082513,1.414,0.8861,0.056202
3.1256,-0.87111,-0.46411,0.98884,0.45716,-0.95029,0.0074425,1.4063,0.8861,0.035112
3.1345,-0.86734,-0.4718,0.98898,0.47189,-0.95029,0.0074425,1.414,0.8861,0.056202
3.1423,-0.86344,-0.47921,0.98922,0.48432,-0.95029,0.0068343,1.4063,0.8861,0.035112
3.1506,-0.85937,-0.48718,0.9892,0.49407,-0.95029,0.0074425,1.414,0.8861,0.035112
3.1587,-0.85528,-0.49497,0.98926,0.50002,-0.94518,0.0082513,1.414,0.77302,0.035112
3.1679,-0.85115,-0.50285,0.98937,0.50758,-0.95029,0.0094692,1.414,0.8861,0.011305
3.1757,-0.84689,-0.51058,0.98943,0.52237,-0.94328,0.0094692,1.414,0.77302,0.011305
3.1848,-0.84262,-0.51836,0.98946,0.53613,-0.90318,0.0094692,1.414,0.8861,0.011305
3.193,-0.83827,-0.52605,0.98954,0.54428,-0.90318,0.0094692,1.414,0.77302,0.011305
3.2006,-0.83382,-0.53376,0.98963,0.54907,-0.90318,0.010723,1.414,0.8861,-0.026665
3.2101,-0.82927,-0.54142,0.98967,0.54907,-0.86263,0.0094692,1.414,0.77302,-0.026665
3.2172,-0.82473,-0.54911,0.98981,0.55647,-0.8575,0.0094692,1.414,0.8861,-0.061197
3.226,-0.81997,-0.55662,0.98976,0.56329,-0.8575,0.0093971,1.414,0.77302,-0.026665
3.2344,-0.81522,-0.56361,0.98986,0.56329,-0.85445,0.0093971,1.4063,0.77302,-0.026665
3.2428,-0.81027,-0.57082,0.98997,0.57186,-0.85445,0.010197,1.4063,0.77302,-0.061197
3.25,-0.8054,-0.57825,0.99008,0.58376,-0.85001,0.0093971,1.4063,0.68029,-0.061197
3.2591,-0.80042,-0.58575,0.99015,0.58932,-0.84133,0.010156,1.3601,0.68029,-0.061197
3.268,-0.79542,-0.59304,0.99021,0.60098,-0.83278,0.010156,1.3601,0.63443,-0.073476
3.276,-0.7903,-0.60077,0.99018,0.62438,-0.83278,0.010156,1.3601,0.68029,-0.061197
3.2845,-0.78536,-0.60789,0.99033,0.63834,-0.82859,0.0093587,1.3601,0.63443,-0.026665
3.2928,-0.78008,-0.61469,0.99039,0.64006,-0.82859,0.010156,1.2739,0.63443,-0.026665
3.3012,-0.77472,-0.62139,0.99048,0.64138,-0.82645,0.0096736,1.3601,0.63443,0.0060489
3.3091,-0.76934,-0.62839,0.99056,0.64318,-0.82645,0.010156,1.3266,0.68029,0.0060489
3.3189,-0.76388,-0.63504,0.99061,0.64551,-0.82485,0.0096736,1.414,0.68029,-0.026665
3.325,-0.75834,-0.64171,0.99077,0.64551,-0.82241,0.0096736,1.3266,0.68029,-0.026665
3.3342,-0.75271,-0.64865,0.99085,0.64551,-0.82241,0.0096736,1.414,0.68029,0.0060489
3.3422,-0.74703,-0.6553,0.99093,0.65305,-0.81416,0.010156,1.3266,0.68029,-0.026665
3.3509,-0.74134,-0.66194,0.99101,0.67035,-0.81296,0.010421,1.4294,0.77302,0.0060489
3.3586,-0.73562,-0.6685,0.99115,0.6768,-0.80339,0.011253,1.3266,0.68029,0.0060489
3.3676,-0.72981,-0.67512,0.99121,0.68537,-0.79865,0.011253,1.3266,0.77302,-0.026665
3.3756,-0.72387,-0.68157,0.9913,0.69504,-0.78354,0.011253,1.4294,0.77302,0.0060489
3.3847,-0.71794,-0.68796,0.99138,0.70296,-0.76104,0.012215,1.3266,0.68449,0.0060489
3.3916,-0.71188,-0.69454,0.99153,0.72481,-0.74423,0.013991,1.4294,0.77302,0.0060489
3.4006,-0.70569,-0.70083,0.9916,0.74411,-0.74423,0.015503,1.3266,0.77302,0.0060489
3.4103,-0.6995,-0.70686,0.99175,0.74411,-0.7187,0.013991,1.4294,0.77302,-0.026665
3.4168,-0.69328,-0.71288,0.99193,0.74431,-0.6994,0.015503,1.4294,0.68449,-0.026665
3.4259,-0.6869,-0.71888,0.99207,0.75943,-0.6994,0.015622,1.4527,0.77302,-0.026665
3.4333,-0.68045,-0.7249,0.99221,0.77935,-0.69531,0.015622,1.4294,0.68449,-0.061197
3.4429,-0.67401,-0.73082,0.99233,0.78567,-0.69275,0.015622,1.4294,0.77302,-0.026665
3.4506,-0.66748,-0.73697,0.99245,0.78578,-0.68544,0.015826,1.4294,0.77302,-0.061197
3.4589,-0.66091,-0.74278,0.99251,0.78867,-0.68119,0.016341,1.4294,0.77302,-0.061197
3.4674,-0.65435,-0.74836,0.99264,0.80128,-0.66897,0.017598,1.4294,0.8861,-0.073476
3.476,-0.64757,-0.75391,0.99278,0.80128,-0.6583,0.017159,1.4294,0.77302,-0.087825
3.4843,-0.64083,-0.75937,0.99303,0.81694,-0.65725,0.017159,1.4294,0.77302,-0.087825
3.4922,-0.63391,-0.76472,0.99313,0.82787,-0.65725,0.018087,1.4294,0.77302,-0.073476
3.5014,-0.62705,-0.77025,0.99331,0.82787,-0.65408,0.018087,1.4294,0.8861,-0.073476
3.5087,-0.62019,-0.77572,0.99349,0.84066,-0.64853,0.018087,1.4294,0.77302,-0.073476
3.5177,-0.61306,-0.78077,0.99362,0.84066,-0.63177,0.018467,1.4527,0.8861,-0.073476
3.5256,-0.60598,-0.7862,0.99379,0.84972,-0.62862,0.019618,1.4527,0.77302,-0.087825
3.5345,-0.59893,-0.79128,0.99398,0.8632,-0.60515,0.020499,1.4527,0.8861,-0.073476
3.542,-0.59179,-0.79636,0.99415,0.87291,-0.59661,0.020812,1.4527,0.77302,-0.087825
3.5502,-0.58441,-0.80142,0.99431,0.87542,-0.58541,0.021135,1.4648,0.8861,-0.087825
3.5589,-0.57729,-0.80642,0.99446,0.88289,-0.57435,0.021231,1.4648,0.8861,-0.087825
3.5678,-0.56987,-0.81107,0.99461,0.88988,-0.57435,0.021231,1.4648,1.0158,-0.073476
3.5755,-0.56249,-0.81607,0.9948,0.88988,-0.56916,0.021593,1.4648,0.8861,-0.073476
3.5839,-0.55512,-0.82089,0.99506,0.89651,-0.56248,0.021593,1.4527,0.8861,-0.073476
3.5924,-0.54759,-0.82541,0.9952,0.89651,-0.55717,0.021593,1.4648,0.8861,-0.073476
3.6002,-0.53997,-0.83008,0.99538,0.89908,-0.55296,0.0224,1.4527,0.8861,-0.073476
3.609,-0.5325,-0.83464,0.99557,0.90822,-0.54182,0.023031,1.4648,0.8861,-0.073476
3.6173,-0.52491,-0.83918,0.99578,0.9278,-0.52794,0.023031,1.4527,0.8861,-0.073476
3.6261,-0.5172,-0.84343,0.99597,0.9278,-0.52158,0.023101,1.4527,1.0158,-0.073476
3.634,-0.50953,-0.84782,0.99617,0.9278,-0.51414,0.023101,1.4527,0.8861,-0.087825
3.6424,-0.50156,-0.8521,0.99639,0.94031,-0.49835,0.023632,1.4294,0.8861,-0.073476
3.6507,-0.49386,-0.85688,0.99659,0.94031,-0.48517,0.024443,1.4294,0.8861,-0.073476
3.6593,-0.48628,-0.86092,0.99678,0.94031,-0.48134,0.024422,1.4294,1.0158,-0.073476
3.6676,-0.47819,-0.86481,0.99692,0.94591,-0.4755,0.023632,1.0968,0.8861,-0.073476
3.6753,-0.47015,-0.8685,0.99714,0.95394,-0.46697,0.024422,0.74129,0.8861,-0.073476
3.6844,-0.46201,-0.87231,0.99735,0.95394,-0.46286,0.024459,1.0968,0.8861,-0.061197
3.6926,-0.45413,-0.87605,0.99757,0.96416,-0.45877,0.025065,0.74129,0.8861,-0.061197
3.7011,-0.44612,-0.87985,0.99773,0.96416,-0.4524,0.025065,0.74129,1.0158,-0.061197
3.7091,-0.43794,-0.88356,0.99796,0.96416,-0.44645,0.025065,0.74129,0.8861,-0.061197
3.7185,-0.42971,-0.88726,0.9981,0.96416,-0.43911,0.025065,0.74129,1.0158,-0.061197
3.7256,-0.42163,-0.89078,0.99831,0.96416,-0.42657,0.024459,0.74129,0.8861,-0.061197
3.7344,-0.41351,-0.89458,0.99854,0.97625,-0.41088,0.024459,0.74129,1.0158,-0.081379
3.7424,-0.4052,-0.89814,0.99874,0.98665,-0.40171,0.025065,0.74129,0.8861,-0.061197
3.7509,-0.39685,-0.90152,0.99886,1.0026,-0.39869,0.025479,0.74129,1.0158,-0.061197
3.7588,-0.38866,-0.90468,0.99906,0.98665,-0.39629,0.025065,1.0968,1.0158,-0.061197
3.7674,-0.38024,-0.90773,0.99926,1.0026,-0.38101,0.025479,0.74129,1.0158,-0.026665
3.7753,-0.37165,-0.91053,0.99953,1.0214,-0.3642,0.025065,1.0968,1.0158,-0.061197
3.7844,-0.36333,-0.91364,0.99977,1.0214,-0.35957,0.025479,1.0968,0.8861,-0.081379
3.7931,-0.35501,-0.91667,0.99996,1.0266,-0.35589,0.025479,1.0907,0.87858,-0.061197
3.8004,-0.34654,-0.91961,1.0002,1.0266,-0.35096,0.026095,0.61637,0.87858,-0.061197
3.8099,-0.33795,-0.92249,1.0004,1.0266,-0.3445,0.026095,0.61637,0.87858,-0.081379
3.8175,-0.32958,-0.92529,1.0006,1.0266,-0.33677,0.025818,0.13657,0.87858,-0.061197
3.8258,-0.32107,-0.92803,1.0008,1.0266,-0.31751,0.025885,0.13657,0.87858,-0.081379
3.834,-0.31269,-0.93099,1.0011,1.0266,-0.30129,0.026453,0.13657,0.77302,-0.061197
3.8429,-0.30417,-0.93353,1.0013,1.0274,-0.29906,0.027192,0.13657,0.87858,-0.061197
3.851,-0.29547,-0.93598,1.0015,1.0274,-0.29567,0.027192,0.13657,0.87858,-0.081379
3.8595,-0.28679,-0.93837,1.0017,1.0274,-0.28923,0.027062,0.13657,0.77302,-0.061197
3.8679,-0.27832,-0.94055,1.002,1.0274,-0.28502,0.027782,0.25546,0.87858,-0.081379
3.8752,-0.26957,-0.94273,1.0022,1.0296,-0.28312,0.028447,-0.23953,0.87858,-0.09953
3.8849,-0.26091,-0.94487,1.0026,1.0274,-0.27,0.027782,0.25546,0.87858,-0.09953
3.8925,-0.25233,-0.94711,1.0028,1.0296,-0.25582,0.028447,-0.23953,0.87858,-0.081379
3.901,-0.24366,-0.94926,1.003,1.0274,-0.24671,0.028447,-0.23953,0.91393,-0.09953
3.9093,-0.23492,-0.95125,1.0032,1.0274,-0.23914,0.029534,-0.23953,0.87858,-0.09953
3.9187,-0.22645,-0.9535,1.0035,1.0317,-0.23555,0.028447,-0.40526,0.87858,-0.09953
3.9257,-0.21771,-0.95548,1.0037,1.0317,-0.22779,0.028447,-0.40526,0.76222,-0.09953
3.9347,-0.20908,-0.95745,1.004,1.0317,-0.22255,0.029,-0.40526,0.87858,-0.081379
3.9425,-0.20033,-0.95917,1.0042,1.0284,-0.22149,0.029,-0.40526,0.76222,-0.081379
3.9513,-0.19161,-0.96097,1.0045,1.042,-0.22024,0.030544,-0.75953,0.76222,-0.09953
3.9583,-0.18288,-0.96254,1.0047,1.0284,-0.21133,0.028997,-0.40526,0.76222,-0.09953
3.9683,-0.17418,-0.96409,1.005,1.042,-0.19812,0.028997,-0.75953,0.76222,-0.10424
3.9751,-0.16539,-0.96568,1.0052,1.0284,-0.18915,0.027866,-0.75953,0.87858,-0.09953
3.9847,-0.15664,-0.96714,1.0054,1.042,-0.1796,0.02803,-1.0483,0.76222,-0.10424
3.993,-0.14799,-0.96859,1.0057,1.0222,-0.16714,0.028229,-0.75953,0.76222,-0.1139
4.0007,-0.13927,-0.97007,1.0059,1.0222,-0.15848,0.02803,-1.0483,0.76222,-0.10424
4.01,-0.13045,-0.97145,1.0062,1.0222,-0.15472,0.02803,-1.0483,0.6695,-0.10424
4.0167,-0.12181,-0.9727,1.0064,1.0398,-0.15081,0.02803,-1.2469,0.6695,-0.10424
4.0267,-0.11314,-0.97396,1.0067,1.0398,-0.14635,0.02803,-1.2469,0.76222,-0.10713
4.0341,-0.10441,-0.97516,1.0069,1.0398,-0.13544,0.027866,-1.0483,0.76222,-0.10713
4.0427,-0.09575,-0.97621,1.0071,1.0398,-0.12591,0.027637,-1.2469,0.76222,-0.11589
4.05,-0.087009,-0.97727,1.0074,1.0398,-0.12386,0.027637,-1.0483,0.76222,-0.11589
4.0597,-0.078286,-0.97817,1.0077,1.0398,-0.10816,0.027381,-1.2469,0.76222,-0.11589
4.0672,-0.069611,-0.97911,1.0079,1.0398,-0.091025,0.027381,-1.5238,0.76222,-0.12297
4.0758,-0.060932,-0.97988,1.0081,1.0706,-0.08823,0.027141,-1.7911,0.76222,-0.12297
4.0848,-0.052276,-0.98066,1.0084,1.0281,-0.0875,0.026558,-1.5238,0.76222,-0.12297
4.0926,-0.043554,-0.98134,1.0086,1.0706,-0.086105,0.026558,-1.7911,0.76222,-0.12297
4.1009,-0.034819,-0.98205,1.0088,1.0281,-0.083958,0.025402,-1.7911,0.87858,-0.12297
4.1088,-0.026121,-0.98271,1.009,1.0706,-0.076575,0.025814,-1.7911,0.76222,-0.12297
4.1186,-0.017385,-0.98322,1.0092,1.0502,-0.061739,0.024641,-1.7911,0.76222,-0.12297
4.1257,-0.0087277,-0.98372,1.0094,1.0502,-0.052542,0.024172,-1.9397,0.6695,-0.12297
4.1345,7.0046e-06,-0.98409,1.0096,1.0502,-0.046722,0.023059,-1.9397,0.76222,-0.13254
4.1416,0.0086588,-0.98446,1.0098,1.0502,-0.037471,0.022345,-1.9397,0.6695,-0.12297
4.1505,0.017461,-0.98472,1.01,1.0502,-0.031466,0.022345,-1.9397,0.76222,-0.13254
4.1581,0.026157,-0.98498,1.0102,1.0502,-0.025522,0.022241,-1.9397,0.6695,-0.12297
4.168,0.034887,-0.98519,1.0103,1.072,-0.020365,0.022125,-2.3969,0.6695,-0.12297
4.1754,0.043519,-0.98533,1.0105,1.0502,-0.013943,0.021748,-1.9397,0.6695,-0.11589
4.1845,0.052291,-0.98541,1.0106,1.0681,-0.00070167,0.021116,-2.3969,0.6695,-0.12297
4.192,0.060966,-0.98535,1.0108,1.0641,0.0077484,0.01928,-1.9397,0.6695,-0.11589
4.2003,0.069709,-0.98529,1.011,1.0641,0.016219,0.016669,-2.3969,0.6695,-0.11589
4.21,0.078424,-0.98505,1.011,1.0641,0.026452,0.015243,-1.9397,0.6695,-0.11589
4.2176,0.087147,-0.98483,1.0112,1.0641,0.029034,0.014832,-2.3969,0.6695,-0.12297
4.2268,0.095859,-0.98456,1.0113,1.0641,0.037226,0.014188,-1.9397,0.6695,-0.12297
4.2339,0.10457,-0.98419,1.0115,1.0641,0.049213,0.013088,-1.9397,0.6695,-0.12297
4.2429,0.11328,-0.98378,1.0116,1.0641,0.056657,0.012519,-1.9397,0.6695,-0.13254
4.2509,0.12207,-0.98322,1.0117,1.0641,0.064727,0.011354,-1.7911,0.6695,-0.12297
4.2598,0.13078,-0.98269,1.0118,1.0641,0.074758,0.011354,-1.9397,0.6695,-0.13254
4.2678,0.13944,-0.98201,1.0119,1.0641,0.082442,0.010201,-1.9397,0.6695,-0.12297
4.2761,0.1483,-0.98135,1.0119,1.0641,0.088594,0.0097825,-1.9397,0.6695,-0.12297
4.2845,0.157,-0.98058,1.0121,1.0573,0.093665,0.0093818,-1.7911,0.6695,-0.12297
4.292,0.16583,-0.97979,1.0121,1.0774,0.095732,0.0084544,-1.9397,0.63443,-0.12297
4.3007,0.17459,-0.97896,1.0122,1.0573,0.10091,0.0071462,-1.9397,0.63443,-0.12297
4.3088,0.18339,-0.97798,1.0122,1.0751,0.11124,0.0062286,-2.2123,0.63443,-0.12297
4.3186,0.19214,-0.97704,1.0123,1.0589,0.11839,0.0055076,-2.2123,0.6695,-0.12297
4.3255,0.20107,-0.97593,1.0123,1.0751,0.12931,0.0050102,-2.2123,0.63443,-0.12297
4.3351,0.20978,-0.9748,1.0123,1.0589,0.13959,0.0045887,-2.2123,0.6695,-0.13254
4.3419,0.21842,-0.97355,1.0125,1.0589,0.15109,0.0043799,-2.2123,0.63443,-0.12297
4.3509,0.22725,-0.97228,1.0125,1.0589,0.168,0.0030486,-2.2123,0.6695,-0.13254
4.3584,0.23612,-0.97093,1.0125,1.0542,0.17778,0.0018078,-2.2123,0.63443,-0.13254
4.3682,0.24497,-0.96957,1.0125,1.0705,0.1833,0.0018078,-2.6251,0.63443,-0.13254
4.375,0.25373,-0.96805,1.0125,1.0542,0.18989,0.0012994,-2.2123,0.63443,-0.13254
4.3842,0.26257,-0.96644,1.0125,1.0705,0.19766,0.0012994,-2.2123,0.48359,-0.12297
4.3924,0.27138,-0.96485,1.0125,1.0705,0.20238,0.00055088,-2.2123,0.48359,-0.11589
4.4008,0.28019,-0.96312,1.0126,1.0705,0.20865,0.00055088,-2.6251,0.48359,-0.12297
4.4081,0.28898,-0.96139,1.0126,1.0542,0.21891,0.00055088,-2.2123,0.48359,-0.12297
4.4171,0.29787,-0.95945,1.0125,1.0705,0.22799,-1.2678e-05,-2.6251,0.34407,-0.12297
4.4266,0.30668,-0.95756,1.0125,1.0542,0.23553,-0.00032481,-2.6251,0.48359,-0.12297
4.4343,0.31538,-0.95557,1.0125,1.0542,0.24329,-0.0009143,-2.2123,0.48359,-0.12297
4.4425,0.32411,-0.95354,1.0125,1.0542,0.25219,-0.0009143,-2.2123,0.52065,-0.12297
4.45,0.33287,-0.9514,1.0125,1.0542,0.26843,-0.0009143,-2.2123,0.40065,-0.11589
4.4596,0.3418,-0.94917,1.0124,1.0542,0.28078,-0.0018982,-2.2123,0.52065,-0.12297
4.4674,0.3505,-0.94677,1.0125,1.0542,0.28474,-0.0018982,-2.2123,0.40065,-0.12297
4.4754,0.35925,-0.94438,1.0124,1.0506,0.29228,-0.0018982,-2.2123,0.40065,-0.12297
4.4841,0.36797,-0.94193,1.0124,1.0351,0.29776,-0.0024082,-1.9397,0.40065,-0.11589
4.4927,0.37676,-0.93935,1.0124,1.0351,0.30375,-0.0031151,-2.2123,0.34407,-0.11589
4.5002,0.38548,-0.93679,1.0123,1.0351,0.31579,-0.0044429,-2.2123,0.40065,-0.11589
4.5088,0.39425,-0.93399,1.0123,1.0532,0.32873,-0.0044429,-2.2123,0.34407,-0.10713
4.5184,0.40306,-0.93133,1.0122,1.0532,0.34012,-0.0056472,-2.2123,0.40065,-0.10713
4.5258,0.41165,-0.92845,1.0122,1.0314,0.34743,-0.0056472,-2.6854,0.34407,-0.10713
4.5344,0.42035,-0.92558,1.0121,1.0314,0.35221,-0.0056472,-2.6854,0.40065,-0.11589
4.5418,0.42895,-0.92262,1.0121,1.0314,0.35603,-0.0056472,-2.6854,0.34407,-0.10713
4.5507,0.43751,-0.91946,1.012,1.0128,0.36407,-0.0056472,-2.6854,0.40065,-0.11589
4.5588,0.44603,-0.91626,1.0121,1.0111,0.37788,-0.0059966,-2.6854,0.34407,-0.10713
4.5679,0.45468,-0.91306,1.012,1.0111,0.39125,-0.0069632,-2.6854,0.34407,-0.11589
4.5751,0.46328,-0.90983,1.0119,1.0088,0.39853,-0.0069632,-2.2123,0.28882,-0.11589
4.5846,0.4718,-0.90644,1.0118,1.0088,0.42009,-0.0072791,-2.2123,0.28882,-0.12297
4.5926,0.48016,-0.90293,1.0118,1.0072,0.44113,-0.0074494,-2.2123,0.24622,-0.11589
4.5999,0.48853,-0.89936,1.0117,1.0072,0.44559,-0.0072791,-2.2123,0.28195,-0.12297
4.6096,0.49685,-0.89576,1.0117,1.0072,0.45251,-0.0074494,-1.8356,0.28195,-0.11589
4.6173,0.50513,-0.89203,1.0117,1.006,0.45907,-0.0074494,-1.8356,0.28195,-0.11589
4.6256,0.51345,-0.88827,1.0116,1.003,0.46456,-0.0072512,-2.2123,0.34407,-0.11589
4.6339,0.52165,-0.88444,1.0116,1.003,0.47438,-0.0074494,-1.8356,0.28195,-0.11589
4.6427,0.52989,-0.88054,1.0115,1.003,0.48303,-0.0076514,-2.2123,0.34407,-0.10713
4.651,0.53828,-0.87651,1.0114,1.003,0.48476,-0.0074494,-1.8356,0.34407,-0.11589
4.659,0.54629,-0.87231,1.0114,1.003,0.48598,-0.0074494,-2.2123,0.34407,-0.11589
4.667,0.55452,-0.86813,1.0112,1.003,0.50429,-0.0074494,-1.8356,0.28195,-0.11589
4.6761,0.56272,-0.86389,1.0111,0.99599,0.52283,-0.0078,-2.2123,0.34407,-0.11589
4.6843,0.57049,-0.85949,1.0112,0.96779,0.52413,-0.0088831,-1.8356,0.34407,-0.11589
4.692,0.57846,-0.85516,1.0111,0.96779,0.52592,-0.0088831,-1.5998,0.28195,-0.12297
4.7012,0.58632,-0.85065,1.011,0.93767,0.53049,-0.009956,-1.5998,0.34407,-0.13957
4.7091,0.59417,-0.84613,1.011,0.92442,0.55051,-0.010967,-1.4392,0.28195,-0.13957
4.718,0.602,-0.84148,1.0109,0.92442,0.56747,-0.013158,-1.5998,0.28195,-0.12297
4.7256,0.61,-0.83685,1.0107,0.90968,0.56979,-0.015206,-1.5998,0.22241,-0.11589
4.7349,0.61756,-0.83198,1.0107,0.89991,0.57183,-0.01379,-1.5998,0.22241,-0.11589
4.742,0.62527,-0.82721,1.0105,0.89614,0.57183,-0.015206,-1.4392,0.22241,-0.12297
4.7505,0.63295,-0.82226,1.0104,0.89614,0.57451,-0.015206,-1.4392,0.28195,-0.12297
4.7591,0.64052,-0.81736,1.0103,0.88891,0.57818,-0.015795,-1.4392,0.22241,-0.12297
4.7679,0.64792,-0.81234,1.0101,0.88222,0.59414,-0.016775,-1.4392,0.26501,-0.12297
4.7756,0.65502,-0.80725,1.0101,0.87248,0.60884,-0.01889,-1.4392,0.17185,-0.13472
4.7841,0.66228,-0.80209,1.01,0.87248,0.60911,-0.021269,-1.4392,0.17185,-0.1372
4.7931,0.66953,-0.79699,1.0098,0.86326,0.61883,-0.023083,-1.4392,0.17185,-0.12576
4.8007,0.67674,-0.7917,1.0096,0.85882,0.64318,-0.025275,-1.4392,0.17185,-0.1372
4.8091,0.68417,-0.78648,1.0092,0.84943,0.66333,-0.025275,-1.3076,0.090721,-0.12576
4.8171,0.69113,-0.78095,1.0091,0.84943,0.67677,-0.027049,-1.4392,0.090721,-0.12576
4.8269,0.69805,-0.77547,1.0089,0.83685,0.68625,-0.027049,-1.4392,0.17185,-0.12576
4.8342,0.70513,-0.76987,1.0086,0.83004,0.6883,-0.027049,-1.3076,0.17185,-0.12297
4.842,0.7119,-0.76428,1.0084,0.82328,0.69044,-0.027514,-1.3143,0.17185,-0.12576
4.8501,0.7186,-0.75856,1.0082,0.81266,0.69631,-0.02871,-1.3143,0.090721,-0.12576
4.8594,0.72532,-0.75286,1.0079,0.80199,0.70431,-0.029795,-1.3143,0.17185,-0.1372
4.868,0.732,-0.747,1.0077,0.79408,0.71103,-0.029795,-1.256,0.17185,-0.12576
4.876,0.73858,-0.74118,1.0074,0.78818,0.71444,-0.031017,-1.2667,0.17185,-0.12576
4.8847,0.74536,-0.73516,1.0071,0.78168,0.71444,-0.032217,-1.256,0.17185,-0.12576
4.8927,0.75199,-0.7292,1.0067,0.76652,0.71897,-0.032217,-1.256,0.17185,-0.12576
4.9007,0.75835,-0.72307,1.0064,0.75222,0.72936,-0.032352,-1.2097,0.17185,-0.12576
4.9092,0.76461,-0.71703,1.0061,0.75222,0.74086,-0.033294,-1.2097,0.22561,-0.12576
4.9181,0.77046,-0.71077,1.006,0.74511,0.74086,-0.033294,-1.2097,0.22561,-0.12576
4.9258,0.77658,-0.7046,1.0057,0.73882,0.74549,-0.034993,-1.1701,0.28514,-0.12576
4.9342,0.78262,-0.6983,1.0054,0.7375,0.74774,-0.035669,-1.2097,0.30467,-0.12297
4.9422,0.78862,-0.69204,1.005,0.7375,0.7491,-0.037837,-1.1701,0.086801,-0.12576
4.9507,0.79449,-0.6856,1.0048,0.7375,0.75313,-0.041479,-1.2097,0.30467,-0.12576
4.9589,0.80055,-0.67923,1.0043,0.7277,0.75313,-0.041479,-1.1701,0.086801,-0.1372
4.9683,0.80625,-0.67267,1.004,0.70494,0.76149,-0.038225,-1.1701,0.086801,-0.1372
4.9757,0.81184,-0.66617,1.0037,0.67345,0.77189,-0.038225,-1.1701,0.086801,-0.12576
4.9847,0.81741,-0.65955,1.0034,0.6555,0.78036,-0.041479,-1.2097,0.30467,-0.12576
4.9923,0.82296,-0.65299,1.003,0.64453,0.7848,-0.041479,-1.1701,0.086801,-0.12297
5.0006,0.82843,-0.6463,1.0026,0.62979,0.79332,-0.043465,-1.1701,-0.08648,-0.12576
5.0097,0.83378,-0.63958,1.0023,0.62682,0.79393,-0.041896,-1.1701,-0.08648,-0.12576
5.018,0.83907,-0.63273,1.002,0.62236,0.80237,-0.044159,-1.2097,-0.08648,-0.12576
5.0271,0.8445,-0.62594,1.0015,0.61181,0.81261,-0.042844,-1.1701,-0.10673,-0.12576
5.0332,0.84949,-0.619,1.0013,0.60199,0.81261,-0.042844,-1.154,-0.28058,-0.12576
5.0428,0.85446,-0.61203,1.001,0.59664,0.82523,-0.042844,-1.1701,-0.28058,-0.12576
5.0507,0.8594,-0.60497,1.0007,0.59377,0.82523,-0.042844,-1.1701,-0.27467,-0.12576
5.0596,0.86435,-0.59804,1.0003,0.59377,0.82523,-0.040859,-1.1701,-0.5209,-0.1372
5.0678,0.86927,-0.59105,0.99985,0.59354,0.82523,-0.040859,-1.1701,-0.27467,-0.1372
5.0761,0.8739,-0.58394,0.99956,0.57681,0.82523,-0.040859,-1.1701,-0.5209,-0.12576
5.0849,0.87867,-0.57691,0.99911,0.55899,0.82523,-0.039732,-1.1701,-0.27467,-0.1372
5.092,0.88315,-0.56966,0.9989,0.55899,0.83706,-0.040681,-1.1701,-0.5209,-0.16176
5.1007,0.88771,-0.56251,0.99848,0.55115,0.83706,-0.040681,-1.2097,-0.27467,-0.1372
5.1092,0.89205,-0.55519,0.99812,0.53622,0.84972,-0.040238,-1.2097,-0.5209,-0.1372
5.1183,0.89656,-0.54801,0.99779,0.52646,0.84972,-0.038837,-1.2097,-0.5209,-0.1372
5.1258,0.90104,-0.54071,0.99738,0.52646,0.85274,-0.038837,-1.1701,-0.5209,-0.1372
5.1353,0.90537,-0.53336,0.99701,0.51601,0.85274,-0.040238,-1.2097,-0.5209,-0.12576
5.1421,0.90943,-0.52589,0.99675,0.50182,0.85439,-0.038837,-1.1701,-0.5209,-0.1372
5.1512,0.91327,-0.51842,0.99647,0.49456,0.86259,-0.037387,-1.2097,-0.5209,-0.12576
5.1587,0.91721,-0.51092,0.99614,0.48756,0.86223,-0.037783,-1.1701,-0.5209,-0.1372
5.1686,0.92109,-0.50343,0.99588,0.47072,0.89192,-0.037051,-1.1701,-0.59855,-0.1372
5.1749,0.92493,-0.49592,0.99553,0.45452,0.86392,-0.037051,-1.154,-0.5209,-0.12576
5.1847,0.92866,-0.48822,0.99527,0.4357,0.89192,-0.035596,-1.154,-0.5209,-0.1372
5.1923,0.93239,-0.48065,0.99496,0.4201,0.9168,-0.035596,-1.154,-0.32279,-0.12576
5.2008,0.936,-0.47282,0.99466,0.40803,0.94155,-0.035992,-1.1701,-0.5209,-0.12576
5.2098,0.93947,-0.46522,0.99445,0.39573,0.94155,-0.034319,-1.1701,-0.32279,-0.12576
5.2179,0.94312,-0.45741,0.99407,0.39301,0.96537,-0.033957,-1.1701,-0.5209,-0.1372
5.2269,0.94653,-0.44958,0.99376,0.39048,0.96537,-0.033185,-1.1701,-0.5209,-0.1372
5.2338,0.94991,-0.44178,0.99356,0.3884,0.96537,-0.033185,-1.2097,-0.5209,-0.1372
5.2431,0.95323,-0.43398,0.99321,0.38528,0.96537,-0.030954,-1.1701,-0.5209,-0.1372
5.2503,0.95608,-0.42595,0.9931,0.38103,0.96537,-0.033185,-1.154,-0.5209,-0.16974
5.2594,0.95889,-0.41814,0.9928,0.38103,0.96537,-0.031868,-1.1701,-0.5209,-0.1372
5.2681,0.96175,-0.41017,0.99267,0.36946,0.96537,-0.03212,-1.154,-0.5209,-0.16974
5.2763,0.96501,-0.40221,0.99233,0.3498,0.96537,-0.031431,-1.154,-0.59855,-0.20492
5.2845,0.96819,-0.39423,0.99202,0.33531,0.96537,-0.030264,-1.154,-0.5209,-0.16974
5.2928,0.97093,-0.38623,0.99194,0.33531,0.96847,-0.031431,-1.154,-0.59855,-0.20492
5.3008,0.97364,-0.37825,0.99167,0.33055,0.96847,-0.030264,-1.154,-0.5209,-0.16974
5.3091,0.9759,-0.37005,0.99168,0.32603,0.97092,-0.030264,-1.1046,-0.5209,-0.17449
5.3183,0.97834,-0.362,0.99141,0.31556,0.97092,-0.030264,-1.154,-0.5209,-0.17449
5.326,0.98082,-0.35394,0.99131,0.29975,0.97891,-0.022928,-1.154,-0.59855,-0.15092
5.3355,0.98357,-0.34599,0.99094,0.28812,0.97092,-0.025405,-1.154,-0.5209,-0.15092
5.342,0.98622,-0.33784,0.99074,0.27898,0.97891,-0.025374,-1.1046,-0.5209,-0.15092
5.3513,0.98847,-0.32975,0.99044,0.26859,0.97891,-0.025374,-1.154,-0.5209,-0.15092
5.359,0.99068,-0.32157,0.99035,0.26299,0.97891,-0.023873,-1.1046,-0.5209,-0.15092
5.3686,0.99286,-0.31337,0.99019,0.26032,0.98797,-0.018983,-1.1046,-0.59855,-0.1372
5.3748,0.99519,-0.30539,0.98991,0.25172,0.98797,-0.023873,-1.1046,-0.5209,-0.1372
5.3847,0.99715,-0.29728,0.98999,0.23699,0.9765,-0.018983,-1.1046,-0.59855,-0.15092
5.3923,0.99913,-0.28907,0.98972,0.22928,0.95998,-0.023873,-1.1046,-0.5209,-0.1372
5.4005,1.0009,-0.28084,0.98971,0.22403,0.9765,-0.018983,-1.1046,-0.59855,-0.1372
5.4088,1.0027,-0.2726,0.98959,0.2177,0.9765,-0.023873,-1.1046,-0.5209,-0.1372
5.4179,1.0048,-0.26455,0.98939,0.20689,0.9765,-0.018983,-1.1046,-0.59855,-0.1372
5.4249,1.0066,-0.25631,0.98919,0.19747,0.95998,-0.018983,-1.154,-0.59855,-0.1372
5.4341,1.0083,-0.24819,0.98911,0.19246,0.9765,-0.01588,-1.1046,-0.59855,-0.1372
5.4432,1.0101,-0.23999,0.98887,0.18773,0.9765,-0.01588,-1.154,-0.59855,-0.12576
5.4503,1.0115,-0.23166,0.98898,0.18647,0.9765,-0.012364,-1.1046,-0.59855,-0.12576
5.4589,1.0131,-0.2235,0.98875,0.18427,0.9765,-0.010339,-1.1046,-0.59855,-0.12576
5.4674,1.0144,-0.21526,0.98877,0.1722,0.9919,-0.012885,-1.0498,-0.59409,-0.1162
5.4764,1.0158,-0.20712,0.9885,0.15856,0.9765,-0.010339,-1.0498,-0.59936,-0.1162
5.4846,1.0166,-0.19874,0.98874,0.15406,0.95998,-0.010339,-1.1046,-0.59936,-0.1162
5.4919,1.018,-0.19067,0.98848,0.14802,0.95998,-0.0087222,-1.1046,-0.64585,-0.1162
5.5007,1.0193,-0.18232,0.98856,0.13428,0.95998,-0.0043096,-1.1046,-0.59936,-0.1162
5.5095,1.0206,-0.17418,0.98825,0.1217,0.95998,-0.0014466,-1.1046,-0.64585,-0.12311
5.5178,1.0215,-0.16574,0.98834,0.11512,0.95998,-0.0014466,-1.154,-0.64585,-0.11602
5.5256,1.0222,-0.15737,0.98835,0.10805,0.98329,0.00034908,-1.1046,-0.64585,-0.12311
5.5352,1.0233,-0.14918,0.98826,0.10176,0.98329,-0.00025936,-1.154,-0.64585,-0.11602
5.542,1.0242,-0.14095,0.98819,0.098691,0.98329,-0.00025936,-1.1046,-0.64585,-0.11602
5.5502,1.0251,-0.13279,0.98807,0.088788,1.0014,-0.00025936,-1.154,-0.64585,-0.11602
5.5591,1.0257,-0.12443,0.98809,0.073991,1.0079,6.8137e-05,-1.1046,-0.64585,-0.11602
5.5681,1.0262,-0.11616,0.98812,0.064319,1.0014,6.8137e-05,-1.154,-0.64585,-0.087043
5.5755,1.0266,-0.1078,0.98819,0.057287,0.98262,0.00073731,-1.1046,-0.64585,-0.087043
5.5846,1.0271,-0.099676,0.98819,0.053129,1.0014,0.00069905,-1.1046,-0.59936,-0.059661
5.5919,1.0277,-0.0914,0.98817,0.050644,1.0052,0.0013075,-1.0498,-0.64585,-0.087043
5.6009,1.0282,-0.083114,0.98812,0.04849,1.0052,0.0013075,-1.0498,-0.76744,-0.087043
5.609,1.0286,-0.074798,0.98813,0.035727,1.0014,0.0012262,-1.0498,-0.64585,-0.087043
5.6173,1.0288,-0.066438,0.98813,0.02279,1.0014,0.0012262,-1.0145,-0.64585,-0.059661
5.6269,1.029,-0.058195,0.98812,0.016558,1.0014,0.0013075,-1.0145,-0.76744,-0.087043
5.6342,1.029,-0.049888,0.98814,0.010442,0.98794,0.0018824,-1.0145,-0.64585,-0.087043
5.6423,1.0291,-0.041665,0.98814,0.0050704,1.0052,0.001702,-1.0145,-0.64585,-0.087043
5.6509,1.0291,-0.033353,0.98817,-0.0060054,1.0052,0.001702,-1.0145,-0.59936,-0.059661
5.6597,1.029,-0.025057,0.98823,-0.014399,1.0052,0.001702,-1.0145,-0.64585,-0.059661
5.6679,1.0289,-0.01674,0.98824,-0.01627,1.0078,0.002367,-0.97537,-0.64585,-0.059661
5.6758,1.0288,-0.0084304,0.98832,-0.021682,1.0052,0.0030914,-0.97537,-0.59936,-0.059661
5.684,1.0285,-0.00014824,0.98838,-0.033459,1.0052,0.0036296,-0.97537,-0.59409,-0.059661
5.6928,1.0282,0.0082022,0.98839,-0.041418,1.0052,0.0042817,-0.97537,-0.59936,-0.059661
5.7012,1.0278,0.016407,0.98839,-0.044713,1.0005,0.0052186,-1.0145,-0.59936,-0.054
5.7089,1.0275,0.024725,0.98841,-0.052358,1.0078,0.0059618,-1.0145,-0.59409,-0.054
5.7179,1.0269,0.032992,0.98847,-0.062226,1.0035,0.006361,-1.0145,-0.59936,-0.046272
5.726,1.0264,0.041252,0.98849,-0.070851,0.99767,0.0065784,-1.0145,-0.59936,-0.046272
5.7343,1.0258,0.049556,0.98854,-0.078934,0.99767,0.0067772,-1.0145,-0.59409,-0.046272
5.7422,1.0251,0.057728,0.98859,-0.091937,1.0035,0.0068359,-0.97537,-0.59409,-0.054
5.7503,1.0243,0.06607,0.98865,-0.10304,0.99767,0.0072288,-1.0145,-0.59409,-0.046272
5.7591,1.0234,0.074366,0.98874,-0.10515,0.99206,0.0069532,-0.97537,-0.59409,-0.046272
5.7677,1.0225,0.082627,0.98878,-0.11352,0.99206,0.0068359,-0.97537,-0.59936,-0.046272
5.7751,1.0215,0.090966,0.98885,-0.12389,0.99767,0.0069532,-0.97537,-0.59409,-0.046272
5.7844,1.0204,0.099204,0.9889,-0.12993,0.99767,0.0076463,-0.97537,-0.59936,-0.046272
5.7921,1.0193,0.10755,0.989,-0.13673,0.99418,0.0076696,-0.97537,-0.59409,-0.046272
5.8003,1.0181,0.11578,0.98907,-0.14457,0.99767,0.0083328,-1.0145,-0.59409,-0.027256
5.8095,1.0169,0.12399,0.98915,-0.15167,0.99767,0.0086039,-0.97537,-0.59409,-0.027256
5.818,1.0156,0.13227,0.98925,-0.15477,0.99725,0.0086039,-0.97537,-0.59936,-0.027256
5.8256,1.0143,0.14055,0.98931,-0.16225,0.99725,0.0086039,-0.97537,-0.59409,-0.046272
5.834,1.0129,0.14885,0.98939,-0.16969,0.99164,0.0088949,-0.97537,-0.39517,-0.046272
5.8432,1.0114,0.15708,0.98946,-0.17136,0.99725,0.0088949,-0.97537,-0.59409,-0.054
5.8511,1.01,0.16529,0.98949,-0.1798,0.99725,0.0088949,-0.97537,-0.39517,-0.054
5.859,1.0083,0.17363,0.9896,-0.19285,0.99725,0.0093853,-1.0145,-0.39517,-0.054
5.8673,1.0067,0.18184,0.98969,-0.20199,0.99725,0.010376,-1.0145,0.024345,-0.059661
5.8766,1.0051,0.19,0.98976,-0.20796,0.99725,0.0093853,-1.0145,-0.39517,-0.054
5.8846,1.0033,0.19823,0.98988,-0.2167,0.99164,0.0090944,-0.97537,-0.39517,-0.054
5.8921,1.0015,0.2064,0.98998,-0.22325,0.99888,0.010376,-0.97537,-0.39517,-0.046272
5.9007,0.99963,0.21462,0.99002,-0.2273,0.99888,0.010101,-0.97537,-0.39517,-0.046272
5.9088,0.99767,0.22276,0.99005,-0.23654,0.99888,0.010628,-0.93292,-0.39517,-0.027256
5.9181,0.99552,0.23101,0.99018,-0.2444,0.99925,0.011071,-0.97537,-0.39517,-0.027256
5.9259,0.99348,0.23923,0.99027,-0.24695,0.99925,0.011512,-0.93292,-0.39517,-0.027256
5.9344,0.99135,0.24735,0.99033,-0.25581,0.99413,0.012147,-0.93292,-0.39517,-0.027256
5.9423,0.98923,0.25551,0.99044,-0.26725,0.98772,0.011512,-0.91307,-0.39517,-0.046272
5.9507,0.98673,0.26375,0.99065,-0.27233,0.98107,0.012147,-0.93292,-0.39517,-0.027256
5.9585,0.98439,0.27186,0.99069,-0.28664,0.98107,0.012783,-0.91307,-0.39517,-0.046272
5.9683,0.98219,0.27989,0.99071,-0.29999,0.98107,0.012783,-0.91307,-0.59409,-0.046272
5.9757,0.97962,0.2881,0.99086,-0.30966,0.96488,0.013219,-0.88382,-0.59409,-0.054
5.985,0.97708,0.29622,0.99096,-0.32196,0.9648,0.013219,-0.91307,-0.59409,-0.054
